Name,Description,Note,Created,Last edited time,length,Created by,Days
愛的本質在於合作。,《愛的藝術（史上最暢銷心理學不朽經典世紀新譯本）》,,"May 31, 2022 7:17 PM","May 31, 2022 7:17 PM",9,imac-fly,0
尊重不是恐懼和敬畏。,《愛的藝術（史上最暢銷心理學不朽經典世紀新譯本）》,,"June 4, 2022 10:28 AM","February 20, 2023 6:14 PM",10,imac-fly,261
尊重只能以自由作為基礎,《愛的藝術（史上最暢銷心理學不朽經典世紀新譯本）》,,"May 5, 2022 1:12 PM","May 5, 2022 1:12 PM",11,imac-fly,0
一門藝術的實踐要求紀律,《愛的藝術（史上最暢銷心理學不朽經典世紀新譯本）》,,"May 26, 2022 3:07 PM","May 26, 2022 3:07 PM",11,imac-fly,0
愛是人身上的主動力量。,《愛的藝術（史上最暢銷心理學不朽經典世紀新譯本）》,,"June 11, 2022 9:38 AM","June 11, 2022 9:38 AM",11,imac-fly,0
愛是積極主動地穿透他人。,《愛的藝術（史上最暢銷心理學不朽經典世紀新譯本）》,,"May 17, 2022 7:16 AM","May 17, 2022 7:16 AM",12,imac-fly,0
給予是在表現蓬勃的生命力,《愛的藝術（史上最暢銷心理學不朽經典世紀新譯本）》,,"May 25, 2022 9:37 AM","May 25, 2022 9:37 AM",12,imac-fly,0
直覺是精通任何藝術的標誌。,《愛的藝術（史上最暢銷心理學不朽經典世紀新譯本）》,,"May 30, 2022 6:22 PM","January 23, 2023 3:37 PM",13,imac-fly,237
施虐狂的動機是想知道人的祕密,《愛的藝術（史上最暢銷心理學不朽經典世紀新譯本）》,,"May 5, 2022 1:10 PM","May 5, 2022 1:10 PM",14,imac-fly,0
尋求意中人者必被意中人所尋求,《愛的藝術（史上最暢銷心理學不朽經典世紀新譯本）》,,"July 25, 2022 1:02 PM","July 25, 2022 1:02 PM",14,imac-fly,0
專注是掌握任何藝術的先決條件,《愛的藝術（史上最暢銷心理學不朽經典世紀新譯本）》,,"December 15, 2022 12:57 PM","January 21, 2023 7:35 PM",14,imac-fly,37
母愛讓小孩感覺被生下來真好。,"《愛的藝術（史上最暢銷心理學不朽經典世紀新譯本）》",,"February 23, 2023 8:20 PM","April 11, 2023 6:31 PM",14,imac-fly,46
現代人與自己、他人和自然界疏離,《愛的藝術（史上最暢銷心理學不朽經典世紀新譯本）》,,"July 6, 2022 8:40 AM","January 19, 2023 7:31 PM",15,imac-fly,197
第三個達到合一的方法是從事創作,《愛的藝術（史上最暢銷心理學不朽經典世紀新譯本）》,,"December 10, 2022 12:08 PM","December 10, 2022 12:08 PM",15,imac-fly,0
給予行為是在表現我的蓬勃生命力。,《愛的藝術（史上最暢銷心理學不朽經典世紀新譯本）》,,"May 5, 2022 1:13 PM","May 5, 2022 1:13 PM",16,imac-fly,0
一個有愛的人卻會回應他人的需要。,《愛的藝術（史上最暢銷心理學不朽經典世紀新譯本）》,,"June 4, 2022 10:29 AM","April 11, 2023 6:31 PM",16,imac-fly,311
要對自己的心理過程敏感卻困難得多,《愛的藝術（史上最暢銷心理學不朽經典世紀新譯本）》,,"December 10, 2022 12:18 PM","February 7, 2023 6:42 PM",16,imac-fly,59
第三個達到合一的方法是從事創作活動,《愛的藝術（史上最暢銷心理學不朽經典世紀新譯本）》,,"May 22, 2022 9:01 AM","May 22, 2022 9:01 AM",17,imac-fly,0
獨處的能力乃是愛的能力的先決條件。,《愛的藝術（史上最暢銷心理學不朽經典世紀新譯本）》,,"December 10, 2022 12:17 PM","December 10, 2022 12:17 PM",17,imac-fly,0
愛是一種活動，不是一種被動的感情。,"《愛的藝術（史上最暢銷心理學不朽經典世紀新譯本）》
",,"December 28, 2022 6:28 PM","April 11, 2023 6:57 PM",17,imac-fly,104
愛是一種信仰行為，信心少的人愛也少。,《愛的藝術（史上最暢銷心理學不朽經典世紀新譯本）》,,"May 31, 2022 7:23 PM","May 31, 2022 7:23 PM",18,imac-fly,0
紀律、專注、耐性和對愛的藝術的掌握。,《愛的藝術（史上最暢銷心理學不朽經典世紀新譯本）》,,"June 4, 2022 10:30 AM","April 11, 2023 6:32 PM",18,imac-fly,311
愛是一種信仰行為，信心少的人愛也少。,《愛的藝術（史上最暢銷心理學不朽經典世紀新譯本）》,,"June 9, 2022 12:35 PM","June 9, 2022 12:35 PM",18,imac-fly,0
照顧、責任、尊重和了解是互相倚賴的。,《愛的藝術（史上最暢銷心理學不朽經典世紀新譯本）》,,"June 9, 2022 12:42 PM","June 9, 2022 12:42 PM",18,imac-fly,0
在男女愛中，兩個獨立的人會成為一體。,《愛的藝術（史上最暢銷心理學不朽經典世紀新譯本）》,,"June 16, 2022 8:29 AM","April 11, 2023 6:32 PM",18,imac-fly,299
大多數人甚至察覺不到他們有從眾的需要。,《愛的藝術（史上最暢銷心理學不朽經典世紀新譯本）》,,"May 1, 2022 1:09 PM","May 1, 2022 1:09 PM",19,imac-fly,0
它不是對他人的征服，而是深入自我的勇氣,《愛的藝術（史上最暢銷心理學不朽經典世紀新譯本）》,,"May 26, 2022 3:11 PM","May 26, 2022 3:11 PM",19,imac-fly,0
是否有愛的能力，端看我們能否脫離自戀。,《愛的藝術（史上最暢銷心理學不朽經典世紀新譯本）》,,"June 9, 2022 12:34 PM","April 11, 2023 6:36 PM",19,imac-fly,306
渴望人際融合是人的生命中最強有力的渴求,《愛的藝術（史上最暢銷心理學不朽經典世紀新譯本）》,,"June 11, 2022 9:39 AM","June 11, 2022 9:39 AM",19,imac-fly,0
信仰，而是我們信念中的確定性和堅定性。,《愛的藝術（史上最暢銷心理學不朽經典世紀新譯本）》,,"December 10, 2022 12:21 PM","December 10, 2022 12:21 PM",19,imac-fly,0
"愛是一種活動，不是一種被動的感情。","《愛的藝術（史上最暢銷心理學不朽經典世紀新譯本）》",,"February 23, 2023 8:18 PM","February 23, 2023 8:18 PM",19,imac-fly,0
而了解如果不是以照顧為動機，它就是空洞的,《愛的藝術（史上最暢銷心理學不朽經典世紀新譯本）》,,"May 5, 2022 1:11 PM","May 5, 2022 1:11 PM",20,imac-fly,0
愛乃對我們所愛者的生命及其成長的積極照顧,《愛的藝術（史上最暢銷心理學不朽經典世紀新譯本）》,,"May 14, 2022 12:38 PM","April 11, 2023 6:38 PM",20,imac-fly,332
他給予並不是為了領受，給予本身便是狂喜。,《愛的藝術（史上最暢銷心理學不朽經典世紀新譯本）》,,"May 21, 2022 6:09 AM","May 21, 2022 6:09 AM",20,imac-fly,0
當我們停止成長的同時，愛便從關係裡消失。,《愛的藝術（史上最暢銷心理學不朽經典世紀新譯本）》,,"May 26, 2022 3:11 PM","April 11, 2023 6:38 PM",20,imac-fly,320
把當下在做的事視為唯一重要的事，全副投入,《愛的藝術（史上最暢銷心理學不朽經典世紀新譯本）》,,"June 26, 2022 1:11 PM","June 26, 2022 1:11 PM",20,imac-fly,0
愛的觀念從被愛轉變為去愛，轉變為創造愛。,《愛的藝術（史上最暢銷心理學不朽經典世紀新譯本）》,,"October 29, 2022 1:15 PM","October 29, 2022 1:15 PM",20,imac-fly,0
將「所有在我們身上活躍展現的一切」給予別人,《愛的藝術（史上最暢銷心理學不朽經典世紀新譯本）》,,"May 26, 2022 3:13 PM","May 26, 2022 3:13 PM",21,imac-fly,0
不可能在沒有真正了解一個人的情況下尊重對方,《愛的藝術（史上最暢銷心理學不朽經典世紀新譯本）》,,"June 4, 2022 10:30 AM","June 4, 2022 10:30 AM",21,imac-fly,0
愛乃對我們所愛者的生命及其成長的積極照顧。,《愛的藝術（史上最暢銷心理學不朽經典世紀新譯本）》,,"June 9, 2022 12:41 PM","April 11, 2023 6:38 PM",21,imac-fly,306
成熟的愛說：「因為我愛你，所以我需要你。」,《愛的藝術（史上最暢銷心理學不朽經典世紀新譯本）》,,"October 29, 2022 1:16 PM","October 29, 2022 1:16 PM",21,imac-fly,0
個人如果追求速效，就永遠無法學會任何藝術。,《愛的藝術（史上最暢銷心理學不朽經典世紀新譯本）》,,"October 29, 2022 1:51 PM","October 29, 2022 1:51 PM",21,imac-fly,0
在與他人的關係中，專注的首要意義是能夠傾聽,《愛的藝術（史上最暢銷心理學不朽經典世紀新譯本）》,,"November 30, 2022 4:52 PM","November 30, 2022 4:52 PM",21,imac-fly,0
愛包含四個基本元素：照顧、責任、尊重與了解。,《愛的藝術（史上最暢銷心理學不朽經典世紀新譯本）》,,"May 5, 2022 1:08 PM","May 5, 2022 1:08 PM",22,imac-fly,0
尊重表示我願意讓另一個人按照自己的本性去生長,《愛的藝術（史上最暢銷心理學不朽經典世紀新譯本）》,,"May 5, 2022 1:12 PM","May 5, 2022 1:12 PM",22,imac-fly,0
我越知道上帝不是什麼，我對上帝的所知就越多。,《愛的藝術（史上最暢銷心理學不朽經典世紀新譯本）》,,"May 26, 2022 3:09 PM","May 26, 2022 3:09 PM",22,imac-fly,0
愛是一門藝術嗎？如果是，它就要求知識和努力。,《愛的藝術（史上最暢銷心理學不朽經典世紀新譯本）》,,"May 26, 2022 3:12 PM","April 11, 2023 6:38 PM",22,imac-fly,320
我無需做任何事才能被愛：母親的愛是無條件的。,《愛的藝術（史上最暢銷心理學不朽經典世紀新譯本）》,,"May 31, 2022 7:05 PM","May 31, 2022 7:05 PM",22,imac-fly,0
一個人如果不能變得對自己敏感，就無法學習專注,《愛的藝術（史上最暢銷心理學不朽經典世紀新譯本）》,,"June 26, 2022 1:10 PM","June 26, 2022 1:10 PM",22,imac-fly,0
一個人如果不能變得對自己敏感，就無法學習專注,《愛的藝術（史上最暢銷心理學不朽經典世紀新譯本）》,,"November 30, 2022 4:54 PM","November 30, 2022 4:54 PM",22,imac-fly,0
只有當我已經達到了獨立的境界，我才可能尊重別人,《愛的藝術（史上最暢銷心理學不朽經典世紀新譯本）》,,"May 5, 2022 1:12 PM","May 5, 2022 1:12 PM",23,imac-fly,0
如果一個人能夠創造性地去愛，他就會也愛他自己。,《愛的藝術（史上最暢銷心理學不朽經典世紀新譯本）》,,"June 20, 2022 9:45 PM","June 20, 2022 9:45 PM",23,imac-fly,0
掌管客觀思考的機能為理性，理性背後的感情是謙卑,《愛的藝術（史上最暢銷心理學不朽經典世紀新譯本）》,,"June 26, 2022 1:11 PM","June 26, 2022 1:11 PM",23,imac-fly,0
必須把當下在做的事視為唯一重要的事，全副投入。,《愛的藝術（史上最暢銷心理學不朽經典世紀新譯本）》,,"December 10, 2022 12:17 PM","December 10, 2022 12:17 PM",23,imac-fly,0
母親是我們所來自的家，她是自然，是土壤，是海洋。,《愛的藝術（史上最暢銷心理學不朽經典世紀新譯本）》,,"May 1, 2022 12:58 PM","May 1, 2022 12:58 PM",24,imac-fly,0
被佛洛姆推舉為最重要的人格特徵：自覺、謙卑和勇氣,《愛的藝術（史上最暢銷心理學不朽經典世紀新譯本）》,,"May 26, 2022 3:13 PM","May 26, 2022 3:13 PM",24,imac-fly,0
終極的「一」，是不可能被我們的言語或思想所捕捉。,《愛的藝術（史上最暢銷心理學不朽經典世紀新譯本）》,,"June 2, 2022 11:25 PM","June 2, 2022 11:25 PM",24,imac-fly,0
愛自己又能同等愛一切他人的人，是偉大而正直的人。,《愛的藝術（史上最暢銷心理學不朽經典世紀新譯本）》,,"June 14, 2022 7:49 AM","April 12, 2023 6:57 PM",24,imac-fly,302
在母愛中，兩個本來一體的人會成為各自獨立的個體。,《愛的藝術（史上最暢銷心理學不朽經典世紀新譯本）》,,"June 16, 2022 8:30 AM","June 16, 2022 8:30 AM",24,imac-fly,0
然而，給予的最主要領域不是物質領域而是人的領域。,《愛的藝術（史上最暢銷心理學不朽經典世紀新譯本）》,,"November 30, 2022 5:07 PM","November 30, 2022 5:07 PM",24,imac-fly,0
我體驗到自己在滿溢、支用、生氣勃勃，因之欣喜萬分。,《愛的藝術（史上最暢銷心理學不朽經典世紀新譯本）》,,"May 5, 2022 1:14 PM","May 5, 2022 1:14 PM",25,imac-fly,0
如果能體驗對方人格的無限性，對方便永遠不會這般熟悉,《愛的藝術（史上最暢銷心理學不朽經典世紀新譯本）》,,"May 8, 2022 4:48 PM","May 8, 2022 4:48 PM",25,imac-fly,0
唯有過去的事情是確定，而對於未來，只有死亡是確定。,《愛的藝術（史上最暢銷心理學不朽經典世紀新譯本）》,,"June 17, 2022 5:09 PM","June 17, 2022 5:09 PM",25,imac-fly,0
成熟的愛所遵循的原則是：「因為我愛，所以我被愛。」,《愛的藝術（史上最暢銷心理學不朽經典世紀新譯本）》,,"October 29, 2022 1:16 PM","October 29, 2022 1:16 PM",25,imac-fly,0
她餵養他，保護他，但自己的生命又因為胎兒的存在而擴大,《愛的藝術（史上最暢銷心理學不朽經典世紀新譯本）》,,"May 26, 2022 3:15 PM","May 26, 2022 3:15 PM",26,imac-fly,0
成人之間的愛，它卻主要是指對他人心理需要之關懷照顧。,《愛的藝術（史上最暢銷心理學不朽經典世紀新譯本）》,,"June 4, 2022 10:28 AM","April 11, 2023 6:39 PM",26,imac-fly,311
性高潮可以產生類似於催眠的效果或如同某些藥物的效果。,《愛的藝術（史上最暢銷心理學不朽經典世紀新譯本）》,,"June 17, 2022 5:09 PM","June 17, 2022 5:09 PM",26,imac-fly,0
精神分析家的工作包括把性格理解為一種對文化力量的回應,《愛的藝術（史上最暢銷心理學不朽經典世紀新譯本）》,,"June 28, 2022 11:38 PM","June 28, 2022 11:38 PM",26,imac-fly,0
只有愛那些不能讓我們達成任何企圖的人，愛才可以開展。,《愛的藝術（史上最暢銷心理學不朽經典世紀新譯本）》,,"October 29, 2022 1:48 PM","October 29, 2022 1:48 PM",26,imac-fly,0
甘願忍受與孩子的分離，而且即使分離之後仍舊愛著孩子。,"《愛的藝術（史上最暢銷心理學不朽經典世紀新譯本）》",,"February 23, 2023 8:23 PM","April 11, 2023 6:56 PM",26,imac-fly,46
自戀的反面是客觀性，是按照事物本然的樣子看待它們的能力,《愛的藝術（史上最暢銷心理學不朽經典世紀新譯本）》,,"May 8, 2022 4:49 PM","May 8, 2022 4:49 PM",27,imac-fly,0
能夠專注意味著能夠獨處，而這種能力正是愛的能力的前提。,《愛的藝術（史上最暢銷心理學不朽經典世紀新譯本）》,,"May 31, 2022 7:19 PM","May 31, 2022 7:19 PM",27,imac-fly,0
我們的整個文化都是奠基於購買慾，奠基於互利交換的觀念。,《愛的藝術（史上最暢銷心理學不朽經典世紀新譯本）》,,"June 14, 2022 7:51 AM","June 14, 2022 7:51 AM",27,imac-fly,0
自私的人固然沒有能力愛別人，但他們一樣沒有能力愛自己。,《愛的藝術（史上最暢銷心理學不朽經典世紀新譯本）》,,"June 17, 2022 5:08 PM","June 17, 2022 5:08 PM",27,imac-fly,0
愛是一種喚起愛的能力，而無能於愛就是缺乏能力去喚起愛。,《愛的藝術（史上最暢銷心理學不朽經典世紀新譯本）》,,"December 10, 2022 12:22 PM","January 31, 2023 5:21 PM",27,imac-fly,52
愛也是一種選擇。但此選擇有賴人格的成熟才能被自身所意識。,《愛的藝術（史上最暢銷心理學不朽經典世紀新譯本）》,,"May 26, 2022 3:10 PM","April 11, 2023 6:39 PM",28,imac-fly,320
大部分人在聽別人說話或甚至給別人忠告時，都沒有真正傾聽。,《愛的藝術（史上最暢銷心理學不朽經典世紀新譯本）》,,"May 31, 2022 7:20 PM","May 31, 2022 7:20 PM",28,imac-fly,0
社會學的訓練讓佛洛姆後來認定佛洛伊德的理論狹窄和機械化。,《愛的藝術（史上最暢銷心理學不朽經典世紀新譯本）》,,"June 4, 2022 10:30 AM","June 4, 2022 10:30 AM",28,imac-fly,0
唯有客觀地去認識一個人，我才能夠在愛中認識他的終極本質。,《愛的藝術（史上最暢銷心理學不朽經典世紀新譯本）》,,"June 9, 2022 12:42 PM","June 9, 2022 12:42 PM",28,imac-fly,0
我愛你之中的每個人，我透過你愛世界，我愛你之中的我自己。,《愛的藝術（史上最暢銷心理學不朽經典世紀新譯本）》,,"June 13, 2022 8:27 AM","June 13, 2022 8:27 AM",28,imac-fly,0
我們會對一個思想有信心，是由於它是我們的觀察和思索的結果,《愛的藝術（史上最暢銷心理學不朽經典世紀新譯本）》,,"October 29, 2022 1:09 PM","October 29, 2022 1:09 PM",28,imac-fly,0
不能合乎現實地應付生活和憂鬱）是偏一邊地依戀母親的結果。,《愛的藝術（史上最暢銷心理學不朽經典世紀新譯本）》,,"October 29, 2022 1:47 PM","October 29, 2022 1:47 PM",28,imac-fly,0
活動的概念則專指運用人的天賦力量，不管它會不會帶來外在改變,《愛的藝術（史上最暢銷心理學不朽經典世紀新譯本）》,,"May 5, 2022 1:14 PM","May 5, 2022 1:14 PM",29,imac-fly,0
愛不是任何人能夠輕易縱情享受，而且與人的成熟程度息息相關。,《愛的藝術（史上最暢銷心理學不朽經典世紀新譯本）》,,"May 26, 2022 3:14 PM","April 11, 2023 6:39 PM",29,imac-fly,320
真正可被視為富有的不是那擁有許多的人，而是那給予很多的人。,《愛的藝術（史上最暢銷心理學不朽經典世紀新譯本）》,,"May 26, 2022 3:15 PM","May 26, 2022 3:15 PM",29,imac-fly,0
完滿的答案寄託在人際合一的達成，寄託在與他人在愛中的融合。,《愛的藝術（史上最暢銷心理學不朽經典世紀新譯本）》,,"May 30, 2022 6:23 PM","May 30, 2022 6:23 PM",29,imac-fly,0
真正可被視為富有的不是那擁有許多的人，而是那給予很多的人。,《愛的藝術（史上最暢銷心理學不朽經典世紀新譯本）》,,"June 11, 2022 9:42 AM","June 11, 2022 9:42 AM",29,imac-fly,0
真誠的愛是創造性的一種表達，隱含著照顧、尊重、責任和了解。,《愛的藝術（史上最暢銷心理學不朽經典世紀新譯本）》,,"June 20, 2022 9:44 PM","June 20, 2022 9:44 PM",29,imac-fly,0
基於父愛的性質，順服變成了最大美德，不順服變成了最大失德。,《愛的藝術（史上最暢銷心理學不朽經典世紀新譯本）》,,"October 29, 2022 1:46 PM","October 29, 2022 1:46 PM",29,imac-fly,0
真正可被視為富有的不是那擁有許多的人，而是那給予很多的人。,《愛的藝術（史上最暢銷心理學不朽經典世紀新譯本）》,,"November 30, 2022 5:06 PM","November 30, 2022 5:06 PM",29,imac-fly,0
聽著這樣一個人說話時，我們感覺受到挑戰、受到支持和感覺被愛。,《愛的藝術（史上最暢銷心理學不朽經典世紀新譯本）》,,"May 26, 2022 3:14 PM","May 26, 2022 3:14 PM",30,imac-fly,0
我希望我所愛的人依照自己的方式而不是以符合我需要的方式成長。,《愛的藝術（史上最暢銷心理學不朽經典世紀新譯本）》,,"May 26, 2022 3:16 PM","May 26, 2022 3:16 PM",30,imac-fly,0
如果我真正愛一個人，我就會愛所有人，就會愛世界，就會愛生命。,《愛的藝術（史上最暢銷心理學不朽經典世紀新譯本）》,,"June 11, 2022 9:39 AM","June 11, 2022 9:39 AM",30,imac-fly,0
他擺脫了那個由他的自戀和自我中心狀態構成的孤單和孤立之牢籠。,《愛的藝術（史上最暢銷心理學不朽經典世紀新譯本）》,,"October 29, 2022 1:16 PM","October 29, 2022 1:16 PM",30,imac-fly,0
如果我只因為無法自己站立而依戀別人，那對方就會成為我的救生員,《愛的藝術（史上最暢銷心理學不朽經典世紀新譯本）》,,"November 30, 2022 4:51 PM","November 30, 2022 4:51 PM",30,imac-fly,0
如果缺乏愛的第三個元素尊重，責任感很容易變質為支配慾和占有慾。,《愛的藝術（史上最暢銷心理學不朽經典世紀新譯本）》,,"April 28, 2022 10:39 PM","April 28, 2022 10:39 PM",31,imac-fly,0
「負責任」（responsible）意味著能夠和準備好「回應」,《愛的藝術（史上最暢銷心理學不朽經典世紀新譯本）》,,"May 26, 2022 3:16 PM","May 26, 2022 3:16 PM",31,imac-fly,0
一種對所愛的人的成長與幸福的主動追求，根植於一個人的愛的能力。,《愛的藝術（史上最暢銷心理學不朽經典世紀新譯本）》,,"June 20, 2022 9:44 PM","June 20, 2022 9:44 PM",31,imac-fly,0
按規律的時間起床，每天花定量時間在沉思、閱讀、聆聽音樂和散步。,《愛的藝術（史上最暢銷心理學不朽經典世紀新譯本）》,,"June 26, 2022 1:09 PM","March 27, 2023 4:03 PM",31,imac-fly,274
理性的信仰奠基於創造性：根據信仰而生活意味著以創造性的態度生活,《愛的藝術（史上最暢銷心理學不朽經典世紀新譯本）》,,"June 26, 2022 1:14 PM","June 26, 2022 1:14 PM",31,imac-fly,0
有信仰的前提是有勇氣，有去冒險的能力，隨時準備好接受痛苦和失望,《愛的藝術（史上最暢銷心理學不朽經典世紀新譯本）》,,"June 26, 2022 1:15 PM","June 26, 2022 1:15 PM",31,imac-fly,0
認為真理可以在思想中找到的想法，不僅導致了教條，也導致了科學。,《愛的藝術（史上最暢銷心理學不朽經典世紀新譯本）》,,"September 12, 2022 8:18 AM","September 12, 2022 8:18 AM",31,imac-fly,0
如果缺乏愛的第三個元素尊重，責任感很容易變質為支配慾和占有慾。,《愛的藝術（史上最暢銷心理學不朽經典世紀新譯本）》,,"November 30, 2022 5:18 PM","November 30, 2022 5:18 PM",31,imac-fly,0
小孩、愛陌生人和全人類的情況下──可以當一個真正充滿愛的母親。,"《愛的藝術（史上最暢銷心理學不朽經典世紀新譯本）》",,"February 23, 2023 8:23 PM","April 11, 2023 6:56 PM",31,imac-fly,46
"因為到頭來，如果你連笑都做不到了，那你他媽的還能做什麼呢？","《愛的多重宇宙》",,"March 2, 2023 4:29 PM","March 2, 2023 4:29 PM",31,imac-fly,0
要能夠給予「蜜」，一個母親必須不能只是好母親，還要是一個快樂的人,《愛的藝術（史上最暢銷心理學不朽經典世紀新譯本）》,,"May 8, 2022 4:47 PM","May 8, 2022 4:47 PM",32,imac-fly,0
愛完全是意志和委身的行為，所以基本上愛之中的兩個人是誰並不重要。,《愛的藝術（史上最暢銷心理學不朽經典世紀新譯本）》,,"June 16, 2022 8:27 AM","June 16, 2022 8:27 AM",32,imac-fly,0
在佛教和道家，以至於在婆羅門教，宗教的終極目的不在正信，而在正行,《愛的藝術（史上最暢銷心理學不朽經典世紀新譯本）》,,"July 8, 2022 11:50 AM","July 8, 2022 11:50 AM",32,imac-fly,0
有信仰的前提是有勇氣，有去冒險的能力，隨時準備好接受痛苦和失望。,《愛的藝術（史上最暢銷心理學不朽經典世紀新譯本）》,,"October 29, 2022 1:11 PM","October 29, 2022 1:11 PM",32,imac-fly,0
只要他們體驗到他們正在談論的事物，而不是用一種抽象化的方式談話。,《愛的藝術（史上最暢銷心理學不朽經典世紀新譯本）》,,"December 15, 2022 12:56 PM","December 15, 2022 12:56 PM",32,imac-fly,0
在真正的給予中，他會不能自已地領受回贈他的東西。給予意味讓領受者也,《愛的藝術（史上最暢銷心理學不朽經典世紀新譯本）》,,"June 11, 2022 9:36 AM","June 11, 2022 9:36 AM",33,imac-fly,0
需要的只是他們不把對方看作物品，而是以真誠和創造性的態度互相對待。,《愛的藝術（史上最暢銷心理學不朽經典世紀新譯本）》,,"June 16, 2022 8:29 AM","June 16, 2022 8:29 AM",33,imac-fly,0
社會是層級性：兄弟間原來的平等不見了，取而代之的是競爭和相互傾軋。,《愛的藝術（史上最暢銷心理學不朽經典世紀新譯本）》,,"July 6, 2022 8:52 AM","July 6, 2022 8:52 AM",33,imac-fly,0
愛主要不是一種和某個特定的人的關係。它是一種態度，一種性格的取向。,《愛的藝術（史上最暢銷心理學不朽經典世紀新譯本）》,,"October 29, 2022 1:47 PM","April 11, 2023 6:39 PM",33,imac-fly,164
我們越是深入自己的生命或他人的生命，我們所欲了解的東西就越是捉摸不定,《愛的藝術（史上最暢銷心理學不朽經典世紀新譯本）》,,"May 8, 2022 4:52 PM","May 8, 2022 4:52 PM",34,imac-fly,0
愛的本質並不是一種語言，它是一種尋求完整、同時也尋求獨立的本能動力。,《愛的藝術（史上最暢銷心理學不朽經典世紀新譯本）》,,"May 26, 2022 3:10 PM","April 11, 2023 6:39 PM",34,imac-fly,320
在自己的愛的能力上建立母性良知，在自己的理性和判斷力上建立父性良知。,《愛的藝術（史上最暢銷心理學不朽經典世紀新譯本）》,,"June 13, 2022 8:27 AM","June 13, 2022 8:27 AM",34,imac-fly,0
絕望的勇氣和愛的勇氣是相互對立的，就像信仰權力和信仰生命是相互對立的,《愛的藝術（史上最暢銷心理學不朽經典世紀新譯本）》,,"June 26, 2022 1:16 PM","June 26, 2022 1:16 PM",34,imac-fly,0
懂很多的人能夠愛、關懷和了解……對一件事了解得越深，愛的程度也越深。,《愛的藝術（史上最暢銷心理學不朽經典世紀新譯本）》,,"July 25, 2022 1:03 PM","April 11, 2023 6:39 PM",34,imac-fly,260
"要能夠給予「蜜」，一個母親必須不能只是好母親，還要是一個快樂的人","《愛的藝術（史上最暢銷心理學不朽經典世紀新譯本）》",,"February 23, 2023 8:21 PM","February 23, 2023 8:21 PM",34,imac-fly,0
愛情不是被動地等待它的來臨，而是要主動地讓它發生；用愛來喚起愛的能力。,《愛的藝術（史上最暢銷心理學不朽經典世紀新譯本）》,,"May 26, 2022 3:09 PM","April 11, 2023 6:39 PM",35,imac-fly,320
無條件的愛是人類最深切的嚮往之一，不獨對小孩是如此，對每個人都是如此。,《愛的藝術（史上最暢銷心理學不朽經典世紀新譯本）》,,"October 29, 2022 1:43 PM","October 29, 2022 1:43 PM",35,imac-fly,0
男性性格的特點是穿透、引導、主動、自律和愛冒險，女性性格的特點是創造。,《愛的藝術（史上最暢銷心理學不朽經典世紀新譯本）》,,"October 29, 2022 1:52 PM","April 11, 2023 6:39 PM",35,imac-fly,164
《逃避自由》主張現代人因為害怕自由而逃入極權主義、從眾行為或破壞性行為。,《愛的藝術（史上最暢銷心理學不朽經典世紀新譯本）》,,"May 11, 2022 1:29 PM","May 11, 2022 1:29 PM",36,imac-fly,0
愛不是足夠性滿足的結果，反而性幸福（甚至是所謂性技巧的知識）是愛的結果。,《愛的藝術（史上最暢銷心理學不朽經典世紀新譯本）》,,"May 16, 2022 9:13 AM","May 16, 2022 9:13 AM",36,imac-fly,0
人們把幾乎所有精力用在學習怎樣達到這些目標，不留任何精力去學習愛的藝術。,《愛的藝術（史上最暢銷心理學不朽經典世紀新譯本）》,,"June 30, 2022 9:02 AM","June 30, 2022 9:02 AM",36,imac-fly,0
於他們體驗的分離性主要是肉體的分離性，因此肉體的合一也意謂著克服了分離性。,《愛的藝術（史上最暢銷心理學不朽經典世紀新譯本）》,,"May 1, 2022 1:04 PM","May 1, 2022 1:04 PM",37,imac-fly,0
他看似太過照顧自己，但實則他只是不成功地想掩飾和補償他的未能照顧好他的自我,《愛的藝術（史上最暢銷心理學不朽經典世紀新譯本）》,,"May 3, 2022 10:08 AM","May 3, 2022 10:08 AM",37,imac-fly,0
無助只是暫時狀態，能夠站立和用自己雙腳行走卻是永久性，是所有人共有的狀態。,《愛的藝術（史上最暢銷心理學不朽經典世紀新譯本）》,,"June 13, 2022 8:31 AM","June 13, 2022 8:31 AM",37,imac-fly,0
專注意味著完全活在當下，意味著當我正在做某件事的時候，不去想下一件要做的事,《愛的藝術（史上最暢銷心理學不朽經典世紀新譯本）》,,"November 30, 2022 4:52 PM","November 30, 2022 4:52 PM",37,imac-fly,0
"告別不是在某個時刻說再見，而是發生在結局緩慢開展所歷經的時時刻刻之中。","《愛的原形》",,"March 14, 2023 8:42 PM","March 14, 2023 8:42 PM",37,imac-fly,0
公開的決裂至少可以教孩子明白，人能夠靠勇敢的決斷結束一種不可容忍的生活狀況。,《愛的藝術（史上最暢銷心理學不朽經典世紀新譯本）》,,"May 3, 2022 10:09 AM","May 3, 2022 10:09 AM",38,imac-fly,0
愛乃對我們所愛者的生命及其成長的積極照顧。當這種積極照顧欠缺，就沒有愛可言。,《愛的藝術（史上最暢銷心理學不朽經典世紀新譯本）》,,"June 30, 2022 9:10 AM","June 30, 2022 9:10 AM",38,imac-fly,0
睡眠是唯一適合不活動狀態的場合，而當我醒著的時候，應該沒有讓懶惰存在的餘地。,《愛的藝術（史上最暢銷心理學不朽經典世紀新譯本）》,,"July 6, 2022 8:46 AM","July 6, 2022 8:46 AM",38,imac-fly,0
兄弟愛是指對任何其他人都有一份責任感、照顧、尊重和了解，渴望促進他們的生活。,《愛的藝術（史上最暢銷心理學不朽經典世紀新譯本）》,,"October 29, 2022 1:48 PM","October 29, 2022 1:48 PM",38,imac-fly,0
在專注中，哪怕不重要的事情也會多了一個新的向度，因為它已得到一個人的全神貫注,《愛的藝術（史上最暢銷心理學不朽經典世紀新譯本）》,,"November 30, 2022 4:51 PM","November 30, 2022 4:51 PM",38,imac-fly,0
雙方都會分享因為彼此帶入生命中的東西所產生的喜樂。在給予行為中，某種事物誕生了,《愛的藝術（史上最暢銷心理學不朽經典世紀新譯本）》,,"May 5, 2022 1:13 PM","May 5, 2022 1:13 PM",39,imac-fly,0
負責任是一種完全自願的行為。它意指我們對另一個人已表現和未表現出來的需要之回應,《愛的藝術（史上最暢銷心理學不朽經典世紀新譯本）》,,"May 8, 2022 4:51 PM","May 8, 2022 4:51 PM",39,imac-fly,0
在這樣的生命之給予中，他豐富了他人，以增強自己生命感的方式擴大了他人的生命感。,《愛的藝術（史上最暢銷心理學不朽經典世紀新譯本）》,,"May 14, 2022 12:38 PM","May 14, 2022 12:38 PM",39,imac-fly,0
某種程度上，性愛是克服分離狀態的自然和正常的方法，是對於孤立問題的一部分解答。,《愛的藝術（史上最暢銷心理學不朽經典世紀新譯本）》,,"May 20, 2022 10:35 AM","April 11, 2023 6:44 PM",39,imac-fly,326
在這樣的生命之給予中，他豐富了他人，以增強自己生命感的方式擴大了他人的生命感。,《愛的藝術（史上最暢銷心理學不朽經典世紀新譯本）》,,"May 26, 2022 3:15 PM","May 26, 2022 3:15 PM",39,imac-fly,0
到了這個年齡之後，一個新的因素會進入畫面：一種想用自己的活動去創造愛的新渴望。,《愛的藝術（史上最暢銷心理學不朽經典世紀新譯本）》,,"May 31, 2022 7:08 PM","May 31, 2022 7:08 PM",39,imac-fly,0
他會在自身確立父性原則和母性原則。他變成了自己的父親和母親。他就是父親和母親。,《愛的藝術（史上最暢銷心理學不朽經典世紀新譯本）》,,"June 4, 2022 10:30 AM","June 4, 2022 10:30 AM",39,imac-fly,0
如果一個人能夠創造性地去愛，他就會也愛他自己。如果他只能愛他人，他根本無法愛。,《愛的藝術（史上最暢銷心理學不朽經典世紀新譯本）》,,"June 14, 2022 7:47 AM","April 11, 2023 6:44 PM",39,imac-fly,301
性慾看來很容易跟任何強烈的情感混雜和被任何強烈的情感激起，愛只是這些情感之一。,《愛的藝術（史上最暢銷心理學不朽經典世紀新譯本）》,,"June 16, 2022 8:28 AM","June 16, 2022 8:28 AM",39,imac-fly,0
他關心的只是他能從其中得到什麼。他不在乎別人的需要，不尊重別人的尊嚴和完整性。,《愛的藝術（史上最暢銷心理學不朽經典世紀新譯本）》,,"June 17, 2022 5:08 PM","June 17, 2022 5:08 PM",39,imac-fly,0
端看我們的成長能力，即端看我們能否在與世界和與自己的關係中，發展出創造性取向。,《愛的藝術（史上最暢銷心理學不朽經典世紀新譯本）》,,"June 26, 2022 1:12 PM","April 5, 2023 5:28 PM",39,imac-fly,283
不是一廂情願，而是以人類的既有成就作為基礎，以每個人對理性和愛的體驗作為基礎。,《愛的藝術（史上最暢銷心理學不朽經典世紀新譯本）》,,"June 30, 2022 9:07 AM","April 11, 2023 6:47 PM",39,imac-fly,285
神經質的愛的基本原因，在於「愛侶」的一方或雙方仍然停留在對父親或母親的依戀中。,《愛的藝術（史上最暢銷心理學不朽經典世紀新譯本）》,,"September 8, 2022 1:13 PM","April 11, 2023 6:44 PM",39,imac-fly,215
任何努力過要獨處的人都會知道這有多麼困難。他會覺得煩躁不安，甚至感到相當焦慮。,《愛的藝術（史上最暢銷心理學不朽經典世紀新譯本）》,,"September 16, 2022 2:06 PM","April 5, 2023 9:24 AM",39,imac-fly,200
對權力只有兩種態度，一是向之屈從，一是（對擁有權力的人而言）渴望繼續保有權力。,《愛的藝術（史上最暢銷心理學不朽經典世紀新譯本）》,,"October 29, 2022 1:10 PM","October 29, 2022 1:10 PM",39,imac-fly,0
雖然我們在意識層面害怕的是不被人愛，但我們真正的恐懼（通常是無意識的）是去愛。,"《愛的藝術（史上最暢銷心理學不朽經典世紀新譯本）》
",,"December 28, 2022 10:59 PM","April 11, 2023 6:57 PM",39,imac-fly,103
關係深邃，雙方各有活潑和強壯的生命力。這是愛的果實，也是愛賴以被辨識出來的標誌。,《愛的藝術（史上最暢銷心理學不朽經典世紀新譯本）》,,"May 21, 2022 6:07 AM","May 21, 2022 6:07 AM",40,imac-fly,0
愛也涉及了面對孤獨的能力。那能夠自處的人，才可能去愛，而非因為逃避自處所以去愛。,《愛的藝術（史上最暢銷心理學不朽經典世紀新譯本）》,,"May 26, 2022 3:11 PM","April 11, 2023 6:44 PM",40,imac-fly,320
人們建立了一支對抗世界的二人聯隊，但這種兩人份的自我中心主義卻被誤解為愛和親密。,《愛的藝術（史上最暢銷心理學不朽經典世紀新譯本）》,,"May 31, 2022 7:15 PM","May 31, 2022 7:15 PM",40,imac-fly,0
你與人及自然的每一種關係必須是你真正個人生活的一種特定的、符合你的意志對象的表現,《愛的藝術（史上最暢銷心理學不朽經典世紀新譯本）》,,"June 11, 2022 9:37 AM","June 11, 2022 9:37 AM",40,imac-fly,0
愛也涉及了面對孤獨的能力。那能夠自處的人，才可能去愛，而非因為逃避自處所以去愛。,《愛的藝術（史上最暢銷心理學不朽經典世紀新譯本）》,,"September 8, 2022 1:15 PM","April 11, 2023 6:44 PM",40,imac-fly,215
愛是一種活動，如果我在愛，我就會不斷地主動地關心我所愛的人（但還不限於關心他或她,《愛的藝術（史上最暢銷心理學不朽經典世紀新譯本）》,,"October 29, 2022 1:13 PM","October 29, 2022 1:13 PM",40,imac-fly,0
愛和勞力是分不開的。我們愛我們為之付出勞力的事物，也會為我們所愛的事物付出勞力。,《愛的藝術（史上最暢銷心理學不朽經典世紀新譯本）》,,"December 15, 2022 12:59 PM","December 15, 2022 12:59 PM",40,imac-fly,0
"如果可以露出微笑，就算是一絲絲，或許都會比較好。死亡令人悲傷，但不該是冷漠。","《愛的原形》",,"March 14, 2023 8:47 PM","March 14, 2023 8:47 PM",40,imac-fly,0
只有明白了克服分離的需要極其深切，我們才能明白人們何以如此懼怕與眾不同和偏離群體。,《愛的藝術（史上最暢銷心理學不朽經典世紀新譯本）》,,"May 1, 2022 1:08 PM","May 1, 2022 1:08 PM",41,imac-fly,0
對愛的藝術來說，任何想要成為行家的人，在生命的每個階段都必須實踐紀律、專注和耐心。,《愛的藝術（史上最暢銷心理學不朽經典世紀新譯本）》,,"May 26, 2022 3:27 PM","May 26, 2022 3:27 PM",41,imac-fly,0
什麼東西能使一個人有吸引力取決於一個時期的時尚，生理條件和精神氣質兩方面皆是如此。,《愛的藝術（史上最暢銷心理學不朽經典世紀新譯本）》,,"June 20, 2022 9:46 PM","June 20, 2022 9:46 PM",41,imac-fly,0
要能夠愛和被愛需要勇氣：斷定某些價值無比重要的勇氣，把一切押注在這些價值上的勇氣。,《愛的藝術（史上最暢銷心理學不朽經典世紀新譯本）》,,"June 26, 2022 1:16 PM","April 11, 2023 6:45 PM",41,imac-fly,289
如果缺乏愛的第三個元素尊重，責任感很容易變質為支配慾和占有慾。尊重不是恐懼和敬畏。,《愛的藝術（史上最暢銷心理學不朽經典世紀新譯本）》,,"June 28, 2022 11:42 PM","June 28, 2022 11:42 PM",41,imac-fly,0
專注是掌握任何藝術的先決條件，這一點幾乎用不著去證明。任何曾經努力學習一門藝術的人,《愛的藝術（史上最暢銷心理學不朽經典世紀新譯本）》,,"October 29, 2022 1:49 PM","October 29, 2022 1:49 PM",41,imac-fly,0
嬰兒仍然被感到是母親的一部分，母親對嬰兒的愛和迷戀就可以是滿足她的自戀的一種方式。,"《愛的藝術（史上最暢銷心理學不朽經典世紀新譯本）》",,"February 23, 2023 8:21 PM","April 11, 2023 6:57 PM",41,imac-fly,46
在男女愛中，兩個獨立的人會成為一體，在母愛中，兩個本來一體的人會成為各自獨立的個體。,《愛的藝術（史上最暢銷心理學不朽經典世紀新譯本）》,,"May 1, 2022 1:03 PM","May 1, 2022 1:03 PM",42,imac-fly,0
實踐這些紀律時，不可把它們當成外力強加在我們身上的束縛。應該讓它們成為我們意志的表達,《愛的藝術（史上最暢銷心理學不朽經典世紀新譯本）》,,"June 26, 2022 1:09 PM","June 26, 2022 1:09 PM",42,imac-fly,0
理性的信仰則是以獨立的判斷為依據，以自己的創造性觀察和思考為基礎，無視大部分人的意見,《愛的藝術（史上最暢銷心理學不朽經典世紀新譯本）》,,"June 26, 2022 1:13 PM","June 26, 2022 1:13 PM",42,imac-fly,0
人自己將意義給予生命，否則生命將是沒有意義；除非人與人互相幫助，否則他就是絕對孤單。,《愛的藝術（史上最暢銷心理學不朽經典世紀新譯本）》,,"July 6, 2022 8:54 AM","July 6, 2022 8:54 AM",42,imac-fly,0
如果一個人不知道萬物各有其時而想揠苗助長，他將永遠無法變得專注，也無法精通愛的藝術。,《愛的藝術（史上最暢銷心理學不朽經典世紀新譯本）》,,"November 30, 2022 4:54 PM","April 11, 2023 6:45 PM",42,imac-fly,132
施之所以比受更讓人快樂，不是因為那是一種剝奪，而是因為給予行為是在表現我的蓬勃生命力。,《愛的藝術（史上最暢銷心理學不朽經典世紀新譯本）》,,"April 28, 2022 10:41 PM","April 28, 2022 10:41 PM",43,imac-fly,0
物質的領域內，給予意味著富有。真正可被視為富有的不是那擁有許多的人，而是那給予很多的人,《愛的藝術（史上最暢銷心理學不朽經典世紀新譯本）》,,"May 8, 2022 4:50 PM","May 8, 2022 4:50 PM",43,imac-fly,0
人只能夠透過發展理性，繼續向前走，尋找新的和諧狀態，不能指望回到一去不復返的太初和諧。,《愛的藝術（史上最暢銷心理學不朽經典世紀新譯本）》,,"May 17, 2022 7:14 AM","May 17, 2022 7:14 AM",43,imac-fly,0
我唯一需要的是存在──作為她的孩子而存在。母愛是至福，是安詳，無需去獲取，無需去贏得。,《愛的藝術（史上最暢銷心理學不朽經典世紀新譯本）》,,"May 31, 2022 7:06 PM","May 31, 2022 7:06 PM",43,imac-fly,0
有很多方法可以滿足這種創造願望，其中最自然和最容易達成的是母親對她的創造物的愛與照顧。,《愛的藝術（史上最暢銷心理學不朽經典世紀新譯本）》,,"June 13, 2022 8:22 AM","April 11, 2023 6:46 PM",43,imac-fly,302
只有對自己有信仰的人才能對別人守信，因為只有這樣的人才能確定將來的他和今天的他是相同的,《愛的藝術（史上最暢銷心理學不朽經典世紀新譯本）》,,"June 30, 2022 9:05 AM","June 30, 2022 9:05 AM",43,imac-fly,0
如果我想學會愛的藝術，須力求在每種情況下保持客觀，並且在我不客觀的時候能敏感地察覺到。,《愛的藝術（史上最暢銷心理學不朽經典世紀新譯本）》,,"November 30, 2022 4:55 PM","April 11, 2023 6:45 PM",43,imac-fly,132
施之所以比受更讓人快樂，不是因為那是一種剝奪，而是因為給予行為是在表現我的蓬勃生命力。,《愛的藝術（史上最暢銷心理學不朽經典世紀新譯本）》,,"November 30, 2022 5:06 PM","November 30, 2022 5:06 PM",43,imac-fly,0
弔詭的是，獨處的能力乃是愛的能力的先決條件。任何努力過要獨處的人都會知道這有多麼困難。,《愛的藝術（史上最暢銷心理學不朽經典世紀新譯本）》,,"December 15, 2022 12:53 PM","February 20, 2023 12:43 PM",43,imac-fly,66
前資本主義社會，交換是由直接的武力或傳統決定，又或是由人與人之間的愛或友誼的連結決定。,《愛的藝術（史上最暢銷心理學不朽經典世紀新譯本）》,,"December 15, 2022 4:35 PM","December 15, 2022 4:35 PM",43,imac-fly,0
"在他離世前，我一直都不知道，我在這個世界之所以有一份安全感，是因為他在這個星球上。","《愛的原形》",,"March 14, 2023 8:47 PM","March 14, 2023 8:47 PM",43,imac-fly,0
他以何種程度缺乏這些素質，他就以何種程度害怕把自己給予出去，因此也就以何種程度害怕去愛。,《愛的藝術（史上最暢銷心理學不朽經典世紀新譯本）》,,"May 8, 2022 4:51 PM","May 8, 2022 4:51 PM",44,imac-fly,0
除非人自己將意義給予生命，否則生命將是沒有意義；除非人與人互相幫助，否則他就是絕對孤單。,《愛的藝術（史上最暢銷心理學不朽經典世紀新譯本）》,,"May 31, 2022 7:13 PM","May 31, 2022 7:13 PM",44,imac-fly,0
還有另一種神經質的愛借助投射機制來迴避一己的問題，改為把焦點放在被愛者的缺點和軟弱之處。,《愛的藝術（史上最暢銷心理學不朽經典世紀新譯本）》,,"May 31, 2022 7:17 PM","May 31, 2022 7:17 PM",44,imac-fly,0
過分關心孩子不是因為她們太愛孩子，而是因為她們不得不以這種方法彌補她們沒有愛孩子的能力。,《愛的藝術（史上最暢銷心理學不朽經典世紀新譯本）》,,"June 13, 2022 7:58 AM","June 13, 2022 7:58 AM",44,imac-fly,0
我必須能夠客觀地了解他和我自己。唯有客觀地去認識一個人，我才能夠在愛中認識他的終極本質。,《愛的藝術（史上最暢銷心理學不朽經典世紀新譯本）》,,"June 28, 2022 11:37 PM","June 28, 2022 11:37 PM",44,imac-fly,0
給予別人我們的喜樂、興趣、了解、幽默和憂傷，將「所有在我們身上活躍展現的一切」給予別人。,《愛的藝術（史上最暢銷心理學不朽經典世紀新譯本）》,,"June 28, 2022 11:39 PM","June 28, 2022 11:39 PM",44,imac-fly,0
與愛相關的是，我們應該要信任自己的愛：相信這愛有能力喚起他人心裡的愛，相信這愛的可靠性。,《愛的藝術（史上最暢銷心理學不朽經典世紀新譯本）》,,"June 30, 2022 9:05 AM","April 11, 2023 6:46 PM",44,imac-fly,285
世界是我們慾望的巨大對象，是大蘋果、大酒瓶和大乳房。我們是吮吸者，永遠充滿期待又永遠失望,《愛的藝術（史上最暢銷心理學不朽經典世紀新譯本）》,,"July 1, 2022 7:24 PM","July 1, 2022 7:24 PM",44,imac-fly,0
幾乎沒有什麼活動或事業像愛那樣，帶著那麼巨大的希望與期許展開，卻又那麼固定地以失敗告終。,《愛的藝術（史上最暢銷心理學不朽經典世紀新譯本）》,,"July 6, 2022 8:49 AM","July 6, 2022 8:49 AM",44,imac-fly,0
「值得」的愛很容易給人一種辛澀的感覺，就像他不是因為自己而被愛，就像他只是因為討得喜歡。,《愛的藝術（史上最暢銷心理學不朽經典世紀新譯本）》,,"October 29, 2022 1:44 PM","April 11, 2023 6:46 PM",44,imac-fly,164
最需要實踐專注的人必然是相愛的人。他們必須學會互相親近，而不以通常慣見的各種方式溜之大吉。,《愛的藝術（史上最暢銷心理學不朽經典世紀新譯本）》,,"May 8, 2022 4:49 PM","May 8, 2022 4:49 PM",45,imac-fly,0
男性正是因為沒有辦法以懷胎的方式來滿足超越的需要，所以汲汲於用創造物品和觀念的方式超越自己,《愛的藝術（史上最暢銷心理學不朽經典世紀新譯本）》,,"June 13, 2022 8:22 AM","June 13, 2022 8:22 AM",45,imac-fly,0
如果我只因為無法自己站立而依戀別人，那對方就會成為我的救生員，但我們的關係不會是愛的關係。,《愛的藝術（史上最暢銷心理學不朽經典世紀新譯本）》,,"June 26, 2022 1:10 PM","April 6, 2023 7:31 AM",45,imac-fly,283
我們不可能在沒有真正了解一個人的情況下尊重對方：如果沒有了解的引導，照顧和責任就是盲目的。,《愛的藝術（史上最暢銷心理學不朽經典世紀新譯本）》,,"November 30, 2022 5:19 PM","November 30, 2022 5:19 PM",45,imac-fly,0
在這種愛和婚姻的觀念中，主要在強調如何找尋一個避難所，以便逃避捨此以外讓人無法忍受的孤單感。,《愛的藝術（史上最暢銷心理學不朽經典世紀新譯本）》,,"May 26, 2022 3:07 PM","April 11, 2023 6:48 PM",46,imac-fly,320
愛卻是一種「行動」，是人的力量的發揮──這種力量只有在自由中方能發揮，從不會是被強迫的後果。,《愛的藝術（史上最暢銷心理學不朽經典世紀新譯本）》,,"June 11, 2022 9:34 AM","April 11, 2023 6:48 PM",46,imac-fly,304
事實上，在我們的文化中，大多數人心目中的可愛，無非是指成為一個既為大眾喜愛又有性吸引力的人。,《愛的藝術（史上最暢銷心理學不朽經典世紀新譯本）》,,"July 9, 2022 9:34 AM","July 9, 2022 9:34 AM",46,imac-fly,0
孤單而來的焦慮、去征服或被征服的渴望、虛榮心、去傷害，和甚至去摧毀的願望，也可以是被愛激起。,《愛的藝術（史上最暢銷心理學不朽經典世紀新譯本）》,,"December 10, 2022 12:16 PM","December 10, 2022 12:16 PM",46,imac-fly,0
如果作為一個正在愛的人你不能把自己變成一個被人愛的人，那麼你的愛情是軟弱無力的，是一種不幸。,《愛的藝術（史上最暢銷心理學不朽經典世紀新譯本）》,,"December 15, 2022 12:58 PM","April 11, 2023 6:48 PM",46,imac-fly,117
"在心理性「共生合一」的情況中，兩個身體是彼此獨立，但心理上則存在著與上述相同的相互依賴。","《愛的藝術（史上最暢銷心理學不朽經典世紀新譯本）》",,"February 23, 2023 8:15 PM","February 23, 2023 8:15 PM",46,imac-fly,0
在這種合一中，個人的自我大幅度消失，其目的是要使自己隸屬於「畜群」（herd）2。如果我和任何,《愛的藝術（史上最暢銷心理學不朽經典世紀新譯本）》,,"May 1, 2022 1:07 PM","May 1, 2022 1:07 PM",47,imac-fly,0
如果我們缺乏勇氣成為個體，我們就會永遠搆不著愛，因為「愛是在保存一己完整的前提下達成的合一」。,《愛的藝術（史上最暢銷心理學不朽經典世紀新譯本）》,,"May 26, 2022 3:12 PM","April 11, 2023 6:48 PM",47,imac-fly,320
男女愛如果是真的愛，則必有一個前提。那就是我的愛是發自靈魂深處，並在對方的靈魂深處體驗到對方。,《愛的藝術（史上最暢銷心理學不朽經典世紀新譯本）》,,"June 13, 2022 8:34 AM","April 11, 2023 6:48 PM",47,imac-fly,302
不同時代和文化的人面對著同一個難題：怎樣克服分離，怎樣實現合一，怎樣超越個人的生命找到一體性？,《愛的藝術（史上最暢銷心理學不朽經典世紀新譯本）》,,"June 17, 2022 5:03 PM","June 17, 2022 5:03 PM",47,imac-fly,0
政治進步視乎我們知道多少真相、我們說出真相時有多清晰和大膽，以及它在其他人心中留下多大的印象。,《愛的藝術（史上最暢銷心理學不朽經典世紀新譯本）》,,"September 8, 2022 1:14 PM","September 8, 2022 1:14 PM",47,imac-fly,0
因為人被迫一天八小時花費精力去做不是他主動想要做的工作，他就採取嬰兒式自我放縱的方式進行反抗。,《愛的藝術（史上最暢銷心理學不朽經典世紀新譯本）》,,"October 29, 2022 1:49 PM","October 29, 2022 1:49 PM",47,imac-fly,0
的憤怒只是某種更深邃的東西的外顯。這表示，我認識到他是一個正在承受苦楚的人，不是一個憤怒的人。,《愛的藝術（史上最暢銷心理學不朽經典世紀新譯本）》,,"December 15, 2022 1:00 PM","December 15, 2022 1:00 PM",47,imac-fly,0
"男性正是因為沒有辦法以懷胎的方式來滿足超越的需要，所以汲汲於用創造物品和觀念的方式超越自己","《愛的藝術（史上最暢銷心理學不朽經典世紀新譯本）》",,"February 23, 2023 8:22 PM","February 23, 2023 8:22 PM",47,imac-fly,0
母愛的本質是照顧兒童的生長，那表示她希望小孩脫離她而獨立。這透露出母愛與男女愛的基本不同之處。,"《愛的藝術（史上最暢銷心理學不朽經典世紀新譯本）》",,"February 23, 2023 8:22 PM","April 11, 2023 6:57 PM",47,imac-fly,46
母親對嬰兒的愛和迷戀就可以是滿足她的自戀的一種方式。另一個動機也許和母親對權力或占有的慾望有關。,《愛的藝術（史上最暢銷心理學不朽經典世紀新譯本）》,,"May 1, 2022 1:02 PM","April 11, 2023 6:55 PM",48,imac-fly,345
只要愛是一個白日夢，他們就能參與其中；但只要愛一落入兩個真實的人的真實關係中，他們就會轉為冷漠。,《愛的藝術（史上最暢銷心理學不朽經典世紀新譯本）》,,"May 1, 2022 1:06 PM","May 1, 2022 1:06 PM",48,imac-fly,0
在每一種創作性的勞動中，勞動者和他所勞動的對象會二合為一，讓人在創作的過程中與外在世界統一起來。,《愛的藝術（史上最暢銷心理學不朽經典世紀新譯本）》,,"May 26, 2022 3:15 PM","May 26, 2022 3:15 PM",48,imac-fly,0
"這種專注的冥想態度是最高的活動，是一種靈魂的活動，只有在擁有內在自由和獨立的條件下方能產生。","《愛的藝術（史上最暢銷心理學不朽經典世紀新譯本）》",,"February 23, 2023 8:16 PM","February 23, 2023 8:16 PM",48,imac-fly,0
"愛的主動性特徵可以這樣描述：愛主要是給予（giving），而不是領受（receiving）。","《愛的藝術（史上最暢銷心理學不朽經典世紀新譯本）》",,"February 23, 2023 8:18 PM","February 23, 2023 8:18 PM",48,imac-fly,0
人類越是從這些原始的結合中擺脫出來，他們和自然界就越是分離，尋找擺脫分離的新途徑之需求就越是強烈。,《愛的藝術（史上最暢銷心理學不朽經典世紀新譯本）》,,"May 1, 2022 1:07 PM","May 1, 2022 1:07 PM",49,imac-fly,0
愛的本質在於合作。在合作中，兩人覺得「我們按照規則比賽，以便保持我們的權益，並享受我們的優越感」。,《愛的藝術（史上最暢銷心理學不朽經典世紀新譯本）》,,"May 10, 2022 12:15 PM","April 11, 2023 6:49 PM",49,imac-fly,336
明顯的臨床事實表明，那些一生沉迷在追求無節制性滿足的男女並沒有得到快樂，反而常常為精神官能症所苦。,《愛的藝術（史上最暢銷心理學不朽經典世紀新譯本）》,,"May 31, 2022 7:16 PM","May 31, 2022 7:16 PM",49,imac-fly,0
母性良知說：「任何行差踏錯、任何罪行都不能把我的愛從你奪走，不能把我對你的生命和幸福的祝願奪走。」,《愛的藝術（史上最暢銷心理學不朽經典世紀新譯本）》,,"October 29, 2022 1:46 PM","April 11, 2023 6:49 PM",49,imac-fly,164
在與他人的關係中，專注的首要意義是能夠傾聽。大部分人在聽別人說話或甚至給別人忠告時，都沒有真正傾聽。,《愛的藝術（史上最暢銷心理學不朽經典世紀新譯本）》,,"May 8, 2022 4:49 PM","May 8, 2022 4:49 PM",50,imac-fly,0
只有當兩個人從他們生命的中心互相溝通，換言之只有當兩個人各從自己生命的中心體驗到自己，愛才可能產生。,《愛的藝術（史上最暢銷心理學不朽經典世紀新譯本）》,,"May 17, 2022 7:20 AM","May 17, 2022 7:20 AM",50,imac-fly,0
堅持自己對另一個人的判斷而不理會眾人意見，堅持自己的信念哪怕它們不受歡迎──這些堅持都需要信仰和勇氣,《愛的藝術（史上最暢銷心理學不朽經典世紀新譯本）》,,"June 26, 2022 1:17 PM","June 26, 2022 1:17 PM",50,imac-fly,0
脫離壓抑性父愛對佛洛姆的創造力和愛的能力產生豐碩的影響，使他在後來的歲月能自由地進行社會─心理分析。,《愛的藝術（史上最暢銷心理學不朽經典世紀新譯本）》,,"July 8, 2022 11:52 AM","July 8, 2022 11:52 AM",50,imac-fly,0
父性良知說：「你做錯了，你不能逃避你犯錯的某些後果。最重要的是，如果你想要我喜歡你，就必須痛改前非。,《愛的藝術（史上最暢銷心理學不朽經典世紀新譯本）》,,"October 29, 2022 1:46 PM","October 29, 2022 1:46 PM",50,imac-fly,0
在與他人的關係中，專注的首要意義是能夠傾聽。大部分人在聽別人說話或甚至給別人忠告時，都沒有真正傾聽。,《愛的藝術（史上最暢銷心理學不朽經典世紀新譯本）》,,"December 15, 2022 12:56 PM","December 15, 2022 12:56 PM",50,imac-fly,0
愛的存在只有一個證明：關係深邃，雙方各有活潑和強壯的生命力。這是愛的果實，也是愛賴以被辨識出來的標誌。,《愛的藝術（史上最暢銷心理學不朽經典世紀新譯本）》,,"May 3, 2022 10:06 AM","May 3, 2022 10:06 AM",51,imac-fly,0
我的求知慾望會因為合一而得到止息。在融合中，我了解了你，我了解了自己，我了解了每個人，但又一無所「知」,《愛的藝術（史上最暢銷心理學不朽經典世紀新譯本）》,,"May 5, 2022 1:09 PM","May 5, 2022 1:09 PM",51,imac-fly,0
我們是社會動物，因著我們的分離性而陷入焦慮。文化提供消除這種焦慮的簡單和虛假方法：變得和別人一模一樣。,《愛的藝術（史上最暢銷心理學不朽經典世紀新譯本）》,,"May 30, 2022 6:13 PM","May 30, 2022 6:13 PM",51,imac-fly,0
第三個導致人們誤以為愛沒有什麼好學的理由，在於混淆了起初的「墜入」情網經驗和永久性的「在愛中」的狀態。,《愛的藝術（史上最暢銷心理學不朽經典世紀新譯本）》,,"May 30, 2022 6:22 PM","May 30, 2022 6:22 PM",51,imac-fly,0
愛的存在只有一個證明：關係深邃，雙方各有活潑和強壯的生命力。這是愛的果實，也是愛賴以被辨識出來的標誌。,《愛的藝術（史上最暢銷心理學不朽經典世紀新譯本）》,,"December 10, 2022 12:16 PM","December 10, 2022 12:16 PM",51,imac-fly,0
母愛變成了極為艱鉅的任務，因為它要求無私的能力，要求一種給出一切而不求回報，但求被愛者幸福快樂的能力。,"《愛的藝術（史上最暢銷心理學不朽經典世紀新譯本）》",,"February 23, 2023 8:23 PM","April 11, 2023 6:57 PM",51,imac-fly,46
透過從眾所達成的合一並不強烈和激烈。它是平靜的，為常規所支配，而正因為如此，它常常不足以撫慰分離的焦慮。,《愛的藝術（史上最暢銷心理學不朽經典世紀新譯本）》,,"December 10, 2022 12:08 PM","April 5, 2023 9:24 AM",52,imac-fly,115
透過愛人，他擺脫了那個由他的自戀和自我中心狀態構成的孤單和孤立之牢籠。他感到一種新的合一感、分享感、一體感,《愛的藝術（史上最暢銷心理學不朽經典世紀新譯本）》,,"May 1, 2022 12:57 PM","May 1, 2022 12:57 PM",53,imac-fly,0
最終把我的理論知識和我的實踐結果融合為一，融合成為我的直覺，我才算精於醫術，因為直覺是精通任何藝術的標誌。,《愛的藝術（史上最暢銷心理學不朽經典世紀新譯本）》,,"May 3, 2022 10:08 AM","May 3, 2022 10:08 AM",53,imac-fly,0
當這種原生傾向在一個人的生命中變成一種不間斷的創造性取向，那麼這個人就能獨立自主，能夠用自己的力量去處理事,《愛的藝術（史上最暢銷心理學不朽經典世紀新譯本）》,,"July 8, 2022 11:54 AM","July 8, 2022 11:54 AM",53,imac-fly,0
只有內在的東西是真實的，外在事物只會在與我的需要有關時才算真實，其真實性從來不是基於它們自身的性質或需要。,"《愛的藝術（史上最暢銷心理學不朽經典世紀新譯本）》
",,"December 28, 2022 10:54 PM","March 27, 2023 2:19 PM",53,imac-fly,88
"勞動者成為機器或辦公室層級結構的附屬品。他不再是他自己，也因此除了從眾以外沒有其他可以達成合一的方式。","《愛的藝術（史上最暢銷心理學不朽經典世紀新譯本）》",,"February 23, 2023 8:14 PM","February 23, 2023 8:14 PM",53,imac-fly,0
如果貧窮超過了某種界限，就會使得施予成為不可能，從而讓人雙重受苦：除了直接受貧窮的苦，還被剝奪去施予的喜悅。,《愛的藝術（史上最暢銷心理學不朽經典世紀新譯本）》,,"May 5, 2022 1:13 PM","May 5, 2022 1:13 PM",54,imac-fly,0
如果我愛一個人，我會感到與他合一，然而我是按照他所是的樣子與他合一，並非把他當作一個合我所用的物品來需要他。,《愛的藝術（史上最暢銷心理學不朽經典世紀新譯本）》,,"May 8, 2022 4:52 PM","April 11, 2023 6:49 PM",54,imac-fly,338
在給予中，他不可避免地會把某些東西帶入另一個人的生命中，而這種帶入他人生命中的東西又會反射回來，回到他身上。,《愛的藝術（史上最暢銷心理學不朽經典世紀新譯本）》,,"May 14, 2022 12:39 PM","May 14, 2022 12:39 PM",54,imac-fly,0
人與人之間在才能、智力和知識上的差別微不足道。要了解這種人人共有的核心，我們必須深入了解人，不能停留在表面。,《愛的藝術（史上最暢銷心理學不朽經典世紀新譯本）》,,"June 13, 2022 8:30 AM","June 13, 2022 8:30 AM",54,imac-fly,0
會導致形成精神官能症，原因之一在於小孩有一個充滿愛但過分縱容或控制慾強的母親，與一個軟弱和不關懷孩子的父親。,《愛的藝術（史上最暢銷心理學不朽經典世紀新譯本）》,,"October 29, 2022 1:46 PM","October 29, 2022 1:46 PM",54,imac-fly,0
我們的文化鼓勵一種不專注和散漫的生活方式，其程度是絕無僅有。我們總是同時間做幾件事，例如一面閱讀，一面聽收音,《愛的藝術（史上最暢銷心理學不朽經典世紀新譯本）》,,"October 29, 2022 1:51 PM","October 29, 2022 1:51 PM",54,imac-fly,0
但在給予中，他不可避免地會把某些東西帶入另一個人的生命中，而這種帶入他人生命中的東西又會反射回來，回到他身上。,《愛的藝術（史上最暢銷心理學不朽經典世紀新譯本）》,,"June 11, 2022 9:35 AM","June 11, 2022 9:35 AM",55,imac-fly,0
所有精神疾病都是客觀能力缺乏到了極點的表現。對精神失常的人來說，唯一的真實只存在於自身，是他自己的恐懼和慾望。,《愛的藝術（史上最暢銷心理學不朽經典世紀新譯本）》,,"June 13, 2022 8:03 AM","June 13, 2022 8:03 AM",55,imac-fly,0
因為我們不把愛看成一種活動、一種靈魂的能力，所以我們就相信愛所必需的只是找到正確的對象，然後一切自會水到渠成。,《愛的藝術（史上最暢銷心理學不朽經典世紀新譯本）》,,"June 13, 2022 8:28 AM","June 13, 2022 8:28 AM",55,imac-fly,0
男女愛是排他的，但它會在愛另一個人中愛全人類，愛所有生命。它之所以是排他，是指我僅能完全而強烈地和一個人融合。,《愛的藝術（史上最暢銷心理學不朽經典世紀新譯本）》,,"September 12, 2022 8:34 AM","September 12, 2022 8:34 AM",55,imac-fly,0
除非我們相信我們的自我持續不變，否則我們的同一性就會受到威脅，就會變得依賴他人，用他們的肯定作為我的同一性的基礎,《愛的藝術（史上最暢銷心理學不朽經典世紀新譯本）》,,"June 26, 2022 1:14 PM","June 26, 2022 1:14 PM",56,imac-fly,0
他們想要透過酗酒和吸毒去克服孤單感，但孤單感在狂歡迷亂過後不減反增，所以不得不以越來越高的頻率和強度去酗酒和吸毒。,《愛的藝術（史上最暢銷心理學不朽經典世紀新譯本）》,,"May 1, 2022 1:07 PM","May 1, 2022 1:07 PM",57,imac-fly,0
今天，人的幸福是由「享受樂趣」構成，而享受樂趣意謂囫圇吞棗地嚥下大量商品、景色、食物、飲料、香菸、演講、書籍和電影,《愛的藝術（史上最暢銷心理學不朽經典世紀新譯本）》,,"May 26, 2022 3:07 PM","May 26, 2022 3:07 PM",57,imac-fly,0
除非我們相信我們的自我持續不變，否則我們的同一性就會受到威脅，就會變得依賴他人，用他們的肯定作為我的同一性的基礎。,《愛的藝術（史上最暢銷心理學不朽經典世紀新譯本）》,,"June 30, 2022 9:05 AM","June 30, 2022 9:05 AM",57,imac-fly,0
今天，人的幸福是由「享受樂趣」構成，而享受樂趣意謂囫圇吞棗地嚥下大量商品、景色、食物、飲料、香菸、演講、書籍和電影,《愛的藝術（史上最暢銷心理學不朽經典世紀新譯本）》,,"July 1, 2022 7:23 PM","July 1, 2022 7:23 PM",57,imac-fly,0
如果一個人只愛另一個人，卻對其他人漠不關心，那麼他的愛就不是愛，而只是一種共生性依戀，或是一種擴大的自我中心主義。,《愛的藝術（史上最暢銷心理學不朽經典世紀新譯本）》,,"October 29, 2022 1:48 PM","October 29, 2022 1:48 PM",57,imac-fly,0
弔詭邏輯因此帶我們走向這個結論：愛上帝既不是在思想中了解上帝，也不是心中存有愛上帝的意念，而是繫於和上帝合一的體驗,《愛的藝術（史上最暢銷心理學不朽經典世紀新譯本）》,,"November 30, 2022 5:23 PM","November 30, 2022 5:23 PM",57,imac-fly,0
"我現在知道，為什麼絕望的人會尋求宗教慰藉，或是最後開始相信外星人或陰謀論了。因為有時候合理的答案一點用都沒有。","《愛的多重宇宙》",,"March 2, 2023 4:27 PM","March 2, 2023 4:27 PM",57,imac-fly,0
渴望了解自己和其他人的心願濃縮在德爾斐神諭（Delphicmotto）中：「認識你自己。」它是所有心理學的主要動力。,《愛的藝術（史上最暢銷心理學不朽經典世紀新譯本）》,,"May 10, 2022 12:16 PM","May 10, 2022 12:16 PM",58,imac-fly,0
去愛意謂得不到擔保地委身，是把自己完全給出去，希望我們的愛會在被愛者身上喚起愛。愛是一種信仰行為，信心少的人愛也少。,《愛的藝術（史上最暢銷心理學不朽經典世紀新譯本）》,,"May 26, 2022 3:08 PM","April 11, 2023 6:50 PM",58,imac-fly,320
柔情絕不像佛洛伊德所以為的，是性本能的昇華。它是兄弟愛的直接後果，既存在於肉體形式的愛中，也存在於非肉體形式的愛中。,《愛的藝術（史上最暢銷心理學不朽經典世紀新譯本）》,,"June 13, 2022 8:32 AM","June 13, 2022 8:32 AM",58,imac-fly,0
如果對他人的體驗能更深刻些，如果能體驗對方人格的無限性，對方便永遠不會這般熟悉，而克服阻隔的奇蹟也許可以每日重複發生。,《愛的藝術（史上最暢銷心理學不朽經典世紀新譯本）》,,"June 13, 2022 7:57 AM","June 13, 2022 7:57 AM",59,imac-fly,0
要去認清，每一次失落信心是如何削弱我們，而進一步的削弱又是如何導致信心的再度失落，如此這般沒完沒了，形成一個惡性循環。,《愛的藝術（史上最暢銷心理學不朽經典世紀新譯本）》,,"October 29, 2022 1:13 PM","October 29, 2022 1:13 PM",59,imac-fly,0
其中最自然和最容易達成的是母親對她的創造物的愛與照顧。她在懷胎中超越了自己，她對嬰兒的愛給她的生命帶來了意義和重要性。,"《愛的藝術（史上最暢銷心理學不朽經典世紀新譯本）》",,"February 23, 2023 8:22 PM","April 11, 2023 6:57 PM",59,imac-fly,46
人們充滿焦慮，沒有原則或信仰，除了向前走以外毫無目的，因此他們繼續停留在兒童階段，希望父親或母親在他們有需要時出手幫助。,《愛的藝術（史上最暢銷心理學不朽經典世紀新譯本）》,,"June 4, 2022 10:27 AM","June 4, 2022 10:27 AM",60,imac-fly,0
通常，一個男人如果在感情上還沒有脫離兒童階段，男性性格特徵因此被削弱，他就會極其強調他在性方面的男性角色，以此彌補缺憾。,《愛的藝術（史上最暢銷心理學不朽經典世紀新譯本）》,,"October 29, 2022 1:52 PM","October 29, 2022 1:52 PM",60,imac-fly,0
兄弟愛和男女愛都是平等兩造之間的愛，反觀母親和孩子之間的關係本質上並不平等，其中一方需要全面的幫助，另一方給予這種幫助。,"《愛的藝術（史上最暢銷心理學不朽經典世紀新譯本）》",,"February 23, 2023 8:21 PM","April 11, 2023 6:57 PM",60,imac-fly,46
這是一個脫離、誕生和覺醒的過程，需要以一種素質作為先決條件，該素質就是信仰（faith）。5愛的藝術之實踐需要信仰之實踐。,《愛的藝術（史上最暢銷心理學不朽經典世紀新譯本）》,,"May 31, 2022 7:22 PM","May 31, 2022 7:22 PM",61,imac-fly,0
如果我是因為具有一些優點而被愛，是因為值得愛而被愛，這總會讓我擔心，我會不會有一天因為不能符合愛我的人的期望而失去他的愛。,《愛的藝術（史上最暢銷心理學不朽經典世紀新譯本）》,,"October 29, 2022 1:44 PM","October 29, 2022 1:44 PM",61,imac-fly,0
除了給予之外，愛的主動積極性也明確顯示在它總是包含著的另外幾個基本元素：照顧、責任、尊重和了解。它們是一切形式的愛所共有。,《愛的藝術（史上最暢銷心理學不朽經典世紀新譯本）》,,"December 10, 2022 12:23 PM","December 10, 2022 12:23 PM",61,imac-fly,0
如果我沒有會讓我與別人不同的感情和思想，如果我的習俗、穿著和想法都符合群體的模式，我就得救了，從駭人的孤單經驗中被拯救出來。,《愛的藝術（史上最暢銷心理學不朽經典世紀新譯本）》,,"May 1, 2022 1:08 PM","May 1, 2022 1:08 PM",62,imac-fly,0
在愛的行為中，在把自己給出去的行為中，在穿透他人生命的行為中，我找到了自己，我發現了自己，我同時發現了我們彼此，我發現了人。,《愛的藝術（史上最暢銷心理學不朽經典世紀新譯本）》,,"May 17, 2022 7:16 AM","May 17, 2022 7:16 AM",62,imac-fly,0
我願意給予我所有的能力，去豐富你的生命，而又會因為這個「給予」得到一些反饋，這些反饋又豐富了我。於是，愛就在這中間滋生茁壯。,《愛的藝術（史上最暢銷心理學不朽經典世紀新譯本）》,,"May 26, 2022 3:12 PM","April 11, 2023 6:50 PM",62,imac-fly,320
別人的需要就像他自己的需要一樣重要，甚至更重要。「施」變得比「受」更加讓人有滿足感，更加讓人喜樂；去愛變得甚至比被愛更重要。,《愛的藝術（史上最暢銷心理學不朽經典世紀新譯本）》,,"May 31, 2022 7:08 PM","May 31, 2022 7:08 PM",62,imac-fly,0
自戀的反面是客觀性，是按照事物本然的樣子看待它們的能力，是能夠把這幅客觀圖像和根據一己慾望與恐懼所形成的圖像區分開來的能力。,《愛的藝術（史上最暢銷心理學不朽經典世紀新譯本）》,,"May 31, 2022 7:21 PM","May 31, 2022 7:21 PM",62,imac-fly,0
認為生命之所以有價值，僅僅是因為生命給予他機會去更為充分地展開他的人類天賦能力──這是唯一重要的，是他的終極關懷的唯一對象。,《愛的藝術（史上最暢銷心理學不朽經典世紀新譯本）》,,"June 2, 2022 11:23 PM","June 2, 2022 11:23 PM",62,imac-fly,0
在愛的行為中，在把自己給出去的行為中，在穿透他人生命的行為中，我找到了自己，我發現了自己，我同時發現了我們彼此，我發現了人。,《愛的藝術（史上最暢銷心理學不朽經典世紀新譯本）》,,"June 11, 2022 9:44 AM","June 11, 2022 9:44 AM",62,imac-fly,0
人們面對戰爭危險的態度之所以那麼消極，在於大多數人都不愛生命。所以，我想，懇請他們愛生命會比懇請他們愛和平或害怕戰爭更有用。,《愛的藝術（史上最暢銷心理學不朽經典世紀新譯本）》,,"July 6, 2022 8:44 AM","April 11, 2023 6:50 PM",62,imac-fly,279
達到成熟階段，不再把神看成外在力量，而是把愛和正義的原則整合到自己身上，變為與神同一。最終，他只是以詩意和象徵的方式談論神。,《愛的藝術（史上最暢銷心理學不朽經典世紀新譯本）》,,"September 12, 2022 8:17 AM","September 12, 2022 8:17 AM",62,imac-fly,0
在愛中，人們找到的只是免於孤單的避風港。如此，人們建立了一支對抗世界的二人聯隊，但這種兩人份的自我中心主義卻被誤解為愛和親密。,《愛的藝術（史上最暢銷心理學不朽經典世紀新譯本）》,,"May 6, 2022 11:43 AM","May 6, 2022 11:43 AM",63,imac-fly,0
第一個活動的概念──現代的概念──指利用精力來達成外在目標，另一個活動的概念則專指運用人的天賦力量，不管它會不會帶來外在改變。,《愛的藝術（史上最暢銷心理學不朽經典世紀新譯本）》,,"November 30, 2022 5:04 PM","November 30, 2022 5:04 PM",63,imac-fly,0
由創造性工作達成的合一不是人際（interpersonal）的合一；由狂歡式融合達成的合一是轉瞬即逝；由從眾達成的合一只是假合一,《愛的藝術（史上最暢銷心理學不朽經典世紀新譯本）》,,"May 21, 2022 6:08 AM","May 21, 2022 6:08 AM",64,imac-fly,0
看起來，在這種狂歡迷亂之後，人會有一段較長時間不太受分離感所苦。不過焦慮的壓力還是會再次慢慢累積，最終再次需要透過舉行儀式來紓解。,《愛的藝術（史上最暢銷心理學不朽經典世紀新譯本）》,,"May 18, 2022 8:04 AM","May 18, 2022 8:04 AM",65,imac-fly,0
愛的本質是為某種事物「付出勞力」，是「使它生長」。愛和勞力是分不開的。我們愛我們為之付出勞力的事物，也會為我們所愛的事物付出勞力。,《愛的藝術（史上最暢銷心理學不朽經典世紀新譯本）》,,"June 11, 2022 9:43 AM","June 11, 2022 9:43 AM",65,imac-fly,0
另一個動機也許和母親對權力或占有的慾望有關。嬰兒因為無助和完全受到母親的意志支配，自然成為讓有支配慾和占有慾的女人獲得滿足的對象。,《愛的藝術（史上最暢銷心理學不朽經典世紀新譯本）》,,"June 13, 2022 8:04 AM","June 13, 2022 8:04 AM",65,imac-fly,0
有當我已經達到了獨立的境界，我才可能尊重別人。我必須先能自己站立，自己行走，不需要柺杖，沒有了支配和剝削別人的心態，才可能尊重別人,《愛的藝術（史上最暢銷心理學不朽經典世紀新譯本）》,,"December 15, 2022 12:59 PM","December 15, 2022 12:59 PM",65,imac-fly,0
"我們鼓勵他們在聆聽時，不必出言回應，也不必有任何反應，也不要打斷別人說話；一個人講完時，在下一個人分享自己的故事之前先暫停一下","《愛的原形》",,"March 14, 2023 8:45 PM","March 14, 2023 8:45 PM",65,imac-fly,0
孤獨也是同理及慈愛的源頭。在最深層的孤獨經驗裡，我們才會知曉我與他人皆是平等的。我因為被孤獨所環繞，然後才明白他人與我有共同的處境。,《愛的藝術（史上最暢銷心理學不朽經典世紀新譯本）》,,"May 5, 2022 1:09 PM","May 5, 2022 1:09 PM",66,imac-fly,0
妒忌、野心或任何種類的貪婪都是「激情」，愛卻是一種「行動」，是人的力量的發揮──這種力量只有在自由中方能發揮，從不會是被強迫的後果。,《愛的藝術（史上最暢銷心理學不朽經典世紀新譯本）》,,"June 11, 2022 9:42 AM","June 11, 2022 9:42 AM",66,imac-fly,0
把愛視為相互的性滿足，以及把愛視為「團隊工作」和逃避孤單的避風港，是愛在現代西方社會中兩種「正常」的解體方式，是愛之病態的社會典型。,《愛的藝術（史上最暢銷心理學不朽經典世紀新譯本）》,,"July 1, 2022 7:25 PM","April 11, 2023 6:50 PM",66,imac-fly,283
基於父愛的性質，父親會作出要求，建立原則和法律，而他對兒子的愛視乎兒子是否順服他的要求。他會讓最像他和最聽話的兒子當他財產的繼承人。,"《愛的藝術（史上最暢銷心理學不朽經典世紀新譯本）》",,"February 23, 2023 8:24 PM","April 11, 2023 6:57 PM",66,imac-fly,46
人的最深切需要是克服分離狀態，離開孤單之牢。這個目標的完全失敗會讓人精神錯亂，因為完全孤立的恐慌，只有透過從外在世界的徹底撤離才能克服,《愛的藝術（史上最暢銷心理學不朽經典世紀新譯本）》,,"May 1, 2022 1:06 PM","May 1, 2022 1:06 PM",67,imac-fly,0
學習專注最重要的一步是學習獨處。獨處時不要閱讀，不要聽收音機，不要飲食。事實上，能夠專注意味著能夠獨處，而這種能力正是愛的能力的前提。,《愛的藝術（史上最暢銷心理學不朽經典世紀新譯本）》,,"May 11, 2022 1:28 PM","May 11, 2022 1:28 PM",67,imac-fly,0
只有真正充滿愛的女人，只有樂在「施」多於「受」的女人，只有在自己生命中牢牢扎根的女人，才能在小孩和自己分離的過程中當一個充滿愛的母親。,《愛的藝術（史上最暢銷心理學不朽經典世紀新譯本）》,,"June 13, 2022 8:25 AM","April 11, 2023 6:50 PM",67,imac-fly,302
在愛和在物質商品中，「你給我多少我就給你多少」是資本主義社會的主要道德格言。我們甚至可以說，公道倫理的發展是資本主義社會特有的道德貢獻。,《愛的藝術（史上最暢銷心理學不朽經典世紀新譯本）》,,"June 30, 2022 9:07 AM","June 30, 2022 9:07 AM",68,imac-fly,0
"妒忌、野心或任何種類的貪婪都是「激情」，愛卻是一種「行動」，是人的力量的發揮──這種力量只有在自由中方能發揮，從不會是被強迫的後果。","《愛的藝術（史上最暢銷心理學不朽經典世紀新譯本）》",,"February 23, 2023 8:17 PM","February 23, 2023 8:17 PM",68,imac-fly,0
或者是動物崇拜，或者是活人獻祭，或者是軍事征服，或者是奢侈放縱，或者是禁慾苦行，或者是狂熱工作，或者是藝術創作，或者是愛上帝，或者是愛人。,《愛的藝術（史上最暢銷心理學不朽經典世紀新譯本）》,,"June 17, 2022 5:04 PM","April 11, 2023 6:55 PM",69,imac-fly,298
這不必然表示他為別人犧牲性命，而是表示他把他生命裡活生生的事物給予出去：把他的喜悅、他的興趣、他的了解、他的知識、他的幽默和他的憂愁給予出去,《愛的藝術（史上最暢銷心理學不朽經典世紀新譯本）》,,"May 14, 2022 12:40 PM","May 14, 2022 12:40 PM",70,imac-fly,0
愛因為取決於相對程度的無自戀，它需要發展謙卑、客觀性和理性。人的整個生命都必須為此而努力。謙卑和客觀性是不可分割的，就像愛是不可分割的一樣。,《愛的藝術（史上最暢銷心理學不朽經典世紀新譯本）》,,"May 17, 2022 7:06 AM","May 17, 2022 7:06 AM",70,imac-fly,0
威廉．詹姆斯（WilliamJames）稱之為「勞動分工」的愛──即一個人只愛他自己的家庭，對陌生人沒有感情──只是缺乏愛的基本能力的標誌。,《愛的藝術（史上最暢銷心理學不朽經典世紀新譯本）》,,"June 4, 2022 9:56 AM","April 11, 2023 6:52 PM",70,imac-fly,311
另一個層次超越保護的層次。那是一種態度，會在小孩心中灌注愛生命的觀念，讓他們覺得活著真好，覺得當一個小男孩或小女孩真好，覺得活在世界上真好。,《愛的藝術（史上最暢銷心理學不朽經典世紀新譯本）》,,"June 13, 2022 8:02 AM","April 11, 2023 6:52 PM",70,imac-fly,302
不是一個歇息之地，而是一同行動，一同成長，一同工作。在愛中，兩個人是從他們生命的本質去體驗自己，是透過與自己合一，而不是逃離自己去和對方合一。,《愛的藝術（史上最暢銷心理學不朽經典世紀新譯本）》,,"May 1, 2022 1:06 PM","May 1, 2022 1:06 PM",71,imac-fly,0
對每一個人而言，都有一些事情是他最有可能成為的，有一些事情是他絕不可能成為的。很多人把生命浪費在設法成為他們不能成為的，忽略了他們可能成為的。,《愛的藝術（史上最暢銷心理學不朽經典世紀新譯本）》,,"May 14, 2022 12:40 PM","May 14, 2022 12:40 PM",71,imac-fly,0
絕不只是為了解除讓人痛苦的緊張狀態。但性慾可以被很多原因激起，例如因孤單而來的焦慮、去征服或被征服的渴望、虛榮心、去傷害，和甚至去摧毀的願望。,《愛的藝術（史上最暢銷心理學不朽經典世紀新譯本）》,,"May 20, 2022 10:34 AM","April 5, 2023 9:24 AM",71,imac-fly,319
婆羅門哲學關心的是雜多（萬象）和統一體（梵）的關係。然而我們切不可把中國或印度的弔詭邏輯和二元論的觀點混為一談。在前者，和諧是寄託在衝突中。「,《愛的藝術（史上最暢銷心理學不朽經典世紀新譯本）》,,"June 4, 2022 10:00 AM","June 4, 2022 10:00 AM",71,imac-fly,0
有時這種對不從眾的恐懼，會被合理化為對實際危險的恐懼，但事實上，人們自己想要從眾的程度遠高於他們被迫從眾的程度──至少西方民主社會的情況是如此。,《愛的藝術（史上最暢銷心理學不朽經典世紀新譯本）》,,"May 1, 2022 1:08 PM","May 1, 2022 1:08 PM",72,imac-fly,0
清楚的是，只有當我已經達到了獨立的境界，我才可能尊重別人。我必須先能自己站立，自己行走，不需要柺杖，沒有了支配和剝削別人的心態，才可能尊重別人。,《愛的藝術（史上最暢銷心理學不朽經典世紀新譯本）》,,"June 20, 2022 9:48 PM","June 20, 2022 9:48 PM",72,imac-fly,0
佛洛伊德主張，自私的人是自戀的，就像他們從他人身上撤走他們的愛，把這愛轉到自己身上。其實，自私的人固然沒有能力愛別人，但他們一樣沒有能力愛自己。,《愛的藝術（史上最暢銷心理學不朽經典世紀新譯本）》,,"September 12, 2022 8:20 AM","September 12, 2022 8:20 AM",72,imac-fly,0
我會被愛是因為我是我之所是，或更確切地說，我會被愛是因為我是我。這種被母親所愛的體驗是一種被動的體驗。我無需做任何事才能被愛：母親的愛是無條件。,《愛的藝術（史上最暢銷心理學不朽經典世紀新譯本）》,,"October 29, 2022 1:15 PM","April 11, 2023 6:52 PM",72,imac-fly,164
在當代的資本主義社會，平等的意義已經變質。人們所謂的平等乃是機器人之間的平等，是失去個體性的人之間的平等。平等在今日意謂「一模一樣」而非「一體」。,《愛的藝術（史上最暢銷心理學不朽經典世紀新譯本）》,,"May 1, 2022 1:09 PM","May 1, 2022 1:09 PM",73,imac-fly,0
史賓諾莎（BaruchdeSpinoza），他把主動情感和被動情感加以區分，稱前者為「行動」（action），稱後者為「激情」（passion）。,《愛的藝術（史上最暢銷心理學不朽經典世紀新譯本）》,,"May 14, 2022 12:39 PM","May 14, 2022 12:39 PM",73,imac-fly,0
愛主要不是一種和某個特定的人的關係。它是一種態度，一種性格的取向，這種態度或取向決定了一個人與世界作為一個整體的聯繫性，而不是指向某個愛的「對象」。,《愛的藝術（史上最暢銷心理學不朽經典世紀新譯本）》,,"April 28, 2022 10:41 PM","April 11, 2023 6:53 PM",74,imac-fly,347
。他們生活在一種錯覺中，以為他們是順著自己的想法和嗜好行事，以為他們是個體，以為他們的見解是自己思考的結果──只是這些見解正好和大多數人的見解相同。,《愛的藝術（史上最暢銷心理學不朽經典世紀新譯本）》,,"May 1, 2022 1:09 PM","May 1, 2022 1:09 PM",74,imac-fly,0
無名的「一」（namelessOne），它是天地萬象背後的統一性，是全部存在的基石。如此，上帝變成了真理、愛和正義。就我是一個人類而言，上帝就是我。,《愛的藝術（史上最暢銷心理學不朽經典世紀新譯本）》,,"June 2, 2022 11:22 PM","June 2, 2022 11:22 PM",74,imac-fly,0
對大部分八歲半至十歲之前的小孩來說，他們的問題一律是被愛的問題──被無條件的愛所愛的問題。他們還不懂得去愛，不懂得用感謝、歡欣的態度回應別人對他的愛。,《愛的藝術（史上最暢銷心理學不朽經典世紀新譯本）》,,"May 1, 2022 12:57 PM","September 13, 2022 8:29 AM",75,imac-fly,134
男性性格的特點是穿透、引導、主動、自律和愛冒險，女性性格的特點是創造性接受（productive receptiveness）、保護、實際、堅忍和母性。,《愛的藝術（史上最暢銷心理學不朽經典世紀新譯本）》,,"May 31, 2022 7:04 PM","April 11, 2023 6:52 PM",76,imac-fly,314
掌管客觀思考的機能為理性，理性背後的感情是謙卑。只有當一個人能夠謙卑，只有當他脫離了以為自己全知全能的兒童期迷夢之後，他才可能客觀，才能夠運用自己的理性,《愛的藝術（史上最暢銷心理學不朽經典世紀新譯本）》,,"November 30, 2022 4:55 PM","November 30, 2022 4:55 PM",76,imac-fly,0
神經質的愛的基本原因，在於「愛侶」的一方或雙方仍然停留在對父親或母親的依戀中，因此把以往對於父親或母親的情感、期待和懼怕在成年生活中，轉移到所愛的人身上。,《愛的藝術（史上最暢銷心理學不朽經典世紀新譯本）》,,"May 10, 2022 12:15 PM","May 10, 2022 12:15 PM",77,imac-fly,0
掌管客觀思考的機能為理性，理性背後的感情是謙卑。只有當一個人能夠謙卑，只有當他脫離了以為自己全知全能的兒童期迷夢之後，他才可能客觀，才能夠運用自己的理性。,《愛的藝術（史上最暢銷心理學不朽經典世紀新譯本）》,,"May 26, 2022 3:28 PM","May 26, 2022 3:28 PM",77,imac-fly,0
由於光是工作的一律化並不能達到這個目的，人們又用娛樂的一律化來克服他們不自覺的絕望。他們對娛樂工業提供的聲光進行被動消費，透過購買日新月異的產品獲得滿足。,《愛的藝術（史上最暢銷心理學不朽經典世紀新譯本）》,,"June 4, 2022 10:25 AM","June 4, 2022 10:25 AM",77,imac-fly,0
在一個文化中，當市場取向大行其道，當物質上的成就被視為傑出的價值，我們就沒有什麼理由納悶，人類的愛情關係也是遵循支配著商品市場和勞動市場的那一套交換模式。,《愛的藝術（史上最暢銷心理學不朽經典世紀新譯本）》,,"July 6, 2022 8:49 AM","July 6, 2022 8:49 AM",77,imac-fly,0
大部分母親都能夠給予「奶」，但只有少數母親能夠也給予「蜜」。要能夠給予「蜜」，一個母親必須不能只是好母親，還要是一個快樂的人──這個目標並沒有太多人能達成。,《愛的藝術（史上最暢銷心理學不朽經典世紀新譯本）》,,"May 31, 2022 7:11 PM","May 31, 2022 7:11 PM",78,imac-fly,0
我們的整個文化都是奠基於購買慾，奠基於互利交換的觀念。現代人的快樂包含在打量商店櫥窗時的悸動，和用現金或分期付款消費買得起的一切。他們用相似的方式看待別人。,《愛的藝術（史上最暢銷心理學不朽經典世紀新譯本）》,,"July 6, 2022 8:48 AM","July 6, 2022 8:48 AM",78,imac-fly,0
這種男人常常把他們矯揉造作的行為，把他們的討好心態，和真誠的愛情相混淆，由此得出他們受到不公道對待的結論。他們自以為是偉大的情人，會激烈抱怨伴侶的不知感激。,《愛的藝術（史上最暢銷心理學不朽經典世紀新譯本）》,,"December 10, 2022 12:20 PM","December 10, 2022 12:20 PM",78,imac-fly,0
在懷胎中超越了自己，她對嬰兒的愛給她的生命帶來了意義和重要性。（男性正是因為沒有辦法以懷胎的方式來滿足超越的需要，所以汲汲於用創造物品和觀念的方式超越自己。）,《愛的藝術（史上最暢銷心理學不朽經典世紀新譯本）》,,"May 1, 2022 1:02 PM","May 1, 2022 1:02 PM",79,imac-fly,0
。在這種取向中，當事人已經克服了依賴性，克服了自戀性的全能心態，克服了剝奪他人或囤積的慾望，對自己的天賦類能力產生了信仰，有勇氣仰仗自己的能力達到自己的目標。,《愛的藝術（史上最暢銷心理學不朽經典世紀新譯本）》,,"June 11, 2022 9:37 AM","June 11, 2022 9:37 AM",79,imac-fly,0
最理想的婚姻都被形容為運作順暢的團隊。這種團隊和運作順暢的僱員團隊沒多大不同，兩者都是要求當事人具備「適度的獨立性」、合作性、容忍性，同時又要具備野心和侵略性。,《愛的藝術（史上最暢銷心理學不朽經典世紀新譯本）》,,"May 10, 2022 12:16 PM","May 10, 2022 12:16 PM",80,imac-fly,0
他們服從一模一樣的命令，但是每個人又相信自己是依照自己的意願行事。就像現代的大量生產過程要求商品的標準化，社會過程也要求人的標準化，而這種標準化被稱為「平等」。,《愛的藝術（史上最暢銷心理學不朽經典世紀新譯本）》,,"November 30, 2022 5:04 PM","November 30, 2022 5:04 PM",80,imac-fly,0
這些活動的共通處是它們都追求達成一個外在目標，至於活動的動機卻不在考慮之列。譬如說有些人是被深刻的孤單感所驅使而不停工作，另一些人則是被野心和貪心所驅使而不停工作,《愛的藝術（史上最暢銷心理學不朽經典世紀新譯本）》,,"May 21, 2022 6:06 AM","May 21, 2022 6:06 AM",81,imac-fly,0
很多人把生命浪費在設法成為他們不能成為的，忽略了他們可能成為的。所以一個人一開始應該有一幅他可以成為什麼和不可以成為什麼的藍圖，有一幅自己的侷限性和可能性的藍圖。,《愛的藝術（史上最暢銷心理學不朽經典世紀新譯本）》,,"May 26, 2022 3:28 PM","May 26, 2022 3:28 PM",81,imac-fly,0
「重是輕的根，靜是動的統治者。」30「道在它的常軌上什麼都不做，也因此沒有事情是它不做的。」31「我的話很容易懂，也很容易行，但世間又沒有一個人能夠懂，能夠行。」,《愛的藝術（史上最暢銷心理學不朽經典世紀新譯本）》,,"June 2, 2022 11:24 PM","June 2, 2022 11:24 PM",81,imac-fly,0
某種程度上，性愛是克服分離狀態的自然和正常的方法，是對於孤立問題的一部分解答。但很多人因為沒有其他辦法來減輕分離感，因而性狂歡對他們的作用就和酗酒與吸毒無大不同。,《愛的藝術（史上最暢銷心理學不朽經典世紀新譯本）》,,"June 17, 2022 5:05 PM","June 17, 2022 5:05 PM",81,imac-fly,0
那些渴望有人能讓自己說出「You complete me.」的現代人，其實根本不知愛是何物？因為他們尋求的是自身失落的一角或讓自己滿意的物品，而不是一個獨立的人。,《愛的藝術（史上最暢銷心理學不朽經典世紀新譯本）》,,"June 17, 2022 5:10 PM","April 11, 2023 6:53 PM",81,imac-fly,298
「無私」是在為數頗多的人身上出現的一種精神官能症症狀，但這些人通常並不為這種症狀困擾，而是被與此相關的其他症狀困擾，如憂鬱、疲勞、沒有能力工作、愛情關係失敗等等。,《愛的藝術（史上最暢銷心理學不朽經典世紀新譯本）》,,"September 12, 2022 8:19 AM","September 12, 2022 8:19 AM",81,imac-fly,0
除了這類練習以外，一個人也必須學習在每件他所做的事情上保持專注，不管那是聽音樂、讀一本書、和別人談話，或看一片風景。必須把當下在做的事視為唯一重要的事，全副投入。,《愛的藝術（史上最暢銷心理學不朽經典世紀新譯本）》,,"December 15, 2022 12:54 PM","December 15, 2022 12:54 PM",81,imac-fly,0
馬克思在說下面的話時表現出同樣態度：「哲學家們只是用不同的方式解釋世界，但真正重要的任務在於改變世界。」弔詭邏輯把佛洛伊德導向精神分析療法，即不斷挖深對自我的了解。,《愛的藝術（史上最暢銷心理學不朽經典世紀新譯本）》,,"June 4, 2022 10:01 AM","June 4, 2022 10:01 AM",82,imac-fly,0
人往往必須經驗一連串失敗的愛情關係，才能夠不再下意識地在自己的伴侶身上尋找父母之愛。一般來說，這種遲來的對父母之愛的擺脫過程，是和痛苦的放棄與失喪的經驗聯繫在一起。,《愛的藝術（史上最暢銷心理學不朽經典世紀新譯本）》,,"June 28, 2022 11:40 PM","April 6, 2023 7:31 AM",82,imac-fly,281
一旦他被逐出天堂（與自然界的原始合一狀態），手執火焰劍的天使就會擋住人的歸路。人只能夠透過發展理性，繼續向前走，尋找新的和諧狀態，不能指望回到一去不復返的太初和諧。,《愛的藝術（史上最暢銷心理學不朽經典世紀新譯本）》,,"July 6, 2022 8:50 AM","July 6, 2022 8:50 AM",82,imac-fly,0
愛的本質並不是一種語言，它是一種尋求完整、同時也尋求獨立的本能動力。在深度心理學的語彙中，我們將之稱為「個體化」，那是我們追求整合內外在，追求成為獨特自我的一生歷程。,《愛的藝術（史上最暢銷心理學不朽經典世紀新譯本）》,,"May 5, 2022 1:09 PM","May 5, 2022 1:09 PM",83,imac-fly,0
。現代人的處境和赫胥黎（Huxley）在《美麗新世界》（BraveNewWorld）中描述的很類似：吃得好，穿得好，性慾獲得滿足，但沒有自我，和他人只有最表面的接觸。,《愛的藝術（史上最暢銷心理學不朽經典世紀新譯本）》,,"May 16, 2022 9:14 AM","May 16, 2022 9:14 AM",83,imac-fly,0
愛乃是一項不斷的挑戰。它不是一個歇息之地，而是一同行動，一同成長，一同工作。在愛中，兩個人是從他們生命的本質去體驗自己，是透過與自己合一，而不是逃離自己去和對方合一。,《愛的藝術（史上最暢銷心理學不朽經典世紀新譯本）》,,"May 17, 2022 7:20 AM","May 17, 2022 7:20 AM",83,imac-fly,0
總的來說，「不自私」母親的影響性和自私的母親無太大不同──事實上常常還更糟，因為母親的無私讓孩子無從對她批評。孩子被置於不能讓母親失望的責任之下，被教育成不喜愛生命。,《愛的藝術（史上最暢銷心理學不朽經典世紀新譯本）》,,"June 4, 2022 9:58 AM","April 11, 2023 6:53 PM",83,imac-fly,311
當我們把人際合一的成就稱為愛的時候，我們發現自己遇到了嚴重的困難。融合可以由不同的方式達成，而這些不同方式的重要性並不亞於不同種類的愛的共通性。我們能一概稱之為愛嗎？,《愛的藝術（史上最暢銷心理學不朽經典世紀新譯本）》,,"November 30, 2022 5:04 PM","November 30, 2022 5:04 PM",83,imac-fly,0
"渴望人際融合是人的生命中最強有力的渴求。那是最基礎的激情，是驅使人類相聚的力量，是家庭、氏族和社會的成因。這方面的失敗會讓人精神錯亂或毀滅──毀滅自己或毀滅他人。","《愛的藝術（史上最暢銷心理學不朽經典世紀新譯本）》",,"February 23, 2023 8:14 PM","February 23, 2023 8:14 PM",83,imac-fly,0
我漂亮的愛人，我愛妳是如此之甚，以致它會讓人疼痛，但這疼痛是甜蜜和奇妙的。我願你在睡眠中感覺到它。（這是佛洛姆在七十多歲時寫給太太安妮斯的留言之一，當時他比她早醒來。）,《愛的藝術（史上最暢銷心理學不朽經典世紀新譯本）》,,"May 14, 2022 12:40 PM","May 14, 2022 12:40 PM",84,imac-fly,0
因此愛絕非一份寫完即丟的功課（或結婚後就毋須費心的幼稚情感），而是生命裡連續不斷的挑戰。當我們停止成長的同時，愛便從關係裡消失。它不是對他人的征服，而是深入自我的勇氣。,《愛的藝術（史上最暢銷心理學不朽經典世紀新譯本）》,,"June 11, 2022 9:40 AM","June 11, 2022 9:40 AM",84,imac-fly,0
是不是只有那些我們認為能贏得金錢和名譽的事物才應被看成是值得學習的，而愛──它在現代意義上「僅僅」有益於靈魂而無利可圖──則是一種我們沒有權利對之耗費太多精力的奢侈品？,《愛的藝術（史上最暢銷心理學不朽經典世紀新譯本）》,,"July 8, 2022 11:43 AM","July 8, 2022 11:43 AM",84,imac-fly,0
清楚的是，只有當我已經達到了獨立的境界，我才可能尊重別人。我必須先能自己站立，自己行走，不需要柺杖，沒有了支配和剝削別人的心態，才可能尊重別人。尊重只能以自由作為基礎。,《愛的藝術（史上最暢銷心理學不朽經典世紀新譯本）》,,"November 30, 2022 5:18 PM","November 30, 2022 5:18 PM",84,imac-fly,0
愛是了解的唯一途徑，它以合一回答了我的追問。在愛的行為中，在把自己給出去的行為中，在穿透他人生命的行為中，我找到了自己，我發現了自己，我同時發現了我們彼此，我發現了人。,《愛的藝術（史上最暢銷心理學不朽經典世紀新譯本）》,,"November 30, 2022 5:20 PM","November 30, 2022 5:20 PM",84,imac-fly,0
感傷性的愛的另一個形式是對愛進行時間上的抽離。一對夫妻也許會因為回憶起他們過去的愛情而深受感動（哪怕他們現在一點都體驗不到愛），他們也可能由於幻想著兩人將來的愛情而感動。,《愛的藝術（史上最暢銷心理學不朽經典世紀新譯本）》,,"June 4, 2022 10:26 AM","June 4, 2022 10:26 AM",85,imac-fly,0
自私的人只關心自己，想要把一切都據為己有，只會因為獲取而快樂，不會因給予而快樂。對於外在世界，他關心的只是他能從其中得到什麼。他不在乎別人的需要，不尊重別人的尊嚴和完整性,《愛的藝術（史上最暢銷心理學不朽經典世紀新譯本）》,,"June 14, 2022 7:48 AM","June 14, 2022 7:48 AM",85,imac-fly,0
它想要說服讀者，除非他們設法以最積極的方式發展自己的整體人格，因而達到一種創造性取向（productive orientation）1，否則他們任何去愛的企圖都註定失敗。,《愛的藝術（史上最暢銷心理學不朽經典世紀新譯本）》,,"June 14, 2022 7:50 AM","April 11, 2023 6:53 PM",85,imac-fly,301
未來的危險在於人也許會變成機器人。但基於人的本性，人不能以機器人的身分活著卻還能維持神智健全……他們將會摧毀他們的世界和自己，因為他們無法繼續忍受任何無意義生活的無聊乏味,《愛的藝術（史上最暢銷心理學不朽經典世紀新譯本）》,,"July 6, 2022 8:43 AM","July 6, 2022 8:43 AM",85,imac-fly,0
對很多人來說，還有其他一些方式意味著對分離性的克服。例如，訴說自己的私生活、訴說自己的希望和焦慮、表現自己的天真或幼稚的一面、建立共同興趣，所有這些都被當作是在克服分離性。,《愛的藝術（史上最暢銷心理學不朽經典世紀新譯本）》,,"May 3, 2022 10:08 AM","April 5, 2023 9:25 AM",86,imac-fly,336
但這種類型的愛就其本質來說是無法持久的。當兩個人越來越熟悉，他們之間的親密就越來越失去神奇感，到最後，他們的對立、失望和彼此厭煩會扼殺掉最初的興奮所殘留下來的任何一點東西。,《愛的藝術（史上最暢銷心理學不朽經典世紀新譯本）》,,"June 14, 2022 7:51 AM","June 14, 2022 7:51 AM",86,imac-fly,0
肯定一己的生命、快樂、成長、自由，乃是根植於一個人的愛的能力，即根植於照顧、尊重、負責和了解。如果一個人能夠創造性地去愛，他就會也愛他自己。如果他只能愛他人，他根本無法愛。,《愛的藝術（史上最暢銷心理學不朽經典世紀新譯本）》,,"September 8, 2022 1:15 PM","September 8, 2022 1:15 PM",86,imac-fly,0
為了認識他人的真實本相，或者說得確切些，為了克服錯覺，為了克服我對他的非理性的扭曲，我必須能夠客觀地了解他和我自己。唯有客觀地去認識一個人，我才能夠在愛中認識他的終極本質。,《愛的藝術（史上最暢銷心理學不朽經典世紀新譯本）》,,"November 30, 2022 5:20 PM","November 30, 2022 5:20 PM",86,imac-fly,0
如果你在愛別人，但卻沒有喚起他人的愛，也就是你的愛作為一種愛情不能使對方產生愛情；如果作為一個正在愛的人你不能把自己變成一個被人愛的人，那麼你的愛情是軟弱無力的，是一種不幸。,《愛的藝術（史上最暢銷心理學不朽經典世紀新譯本）》,,"June 11, 2022 9:43 AM","June 11, 2022 9:43 AM",87,imac-fly,0
外在現實（人與物）的唯一意義繫於它們會不會滿足或挫折身體的內在狀態。只有內在的東西是真實的，外在事物只會在與我的需要有關時才算真實，其真實性從來不是基於它們自身的性質或需要。,《愛的藝術（史上最暢銷心理學不朽經典世紀新譯本）》,,"October 29, 2022 1:15 PM","October 29, 2022 1:15 PM",87,imac-fly,0
啟蒙哲學所主張的Lâmenapasdesexe（靈魂沒有性別），已經成為普遍的實踐。性別上的兩極性正在消失，隨之一同消失的是以這種兩極性為基礎的性愛（eroticlove）。,《愛的藝術（史上最暢銷心理學不朽經典世紀新譯本）》,,"November 30, 2022 5:02 PM","November 30, 2022 5:02 PM",87,imac-fly,0
"對給予最常見的誤解是假定給予就是放棄某些東西，是被剝奪和作出犧牲。一個人的性格如果沒有發展成熟，沒有超越接受取向、剝奪取向和囤積取向的階段5，就會以上述方式理解給予行為。","《愛的藝術（史上最暢銷心理學不朽經典世紀新譯本）》",,"February 23, 2023 8:20 PM","February 23, 2023 8:20 PM",87,imac-fly,0
愛是一種活動，不是一種被動的感情。它是「屹立於」而是不是「墜入」。在最一般的意義上，愛的主動性特徵可以這樣描述：愛主要是給予（giving），而不是領受（receiving）。,《愛的藝術（史上最暢銷心理學不朽經典世紀新譯本）》,,"April 28, 2022 10:41 PM","April 28, 2022 10:41 PM",88,imac-fly,0
母愛不僅不需要贏得，而且也不能被獲取，被創造，被控制。如果母愛存在，我就是處在至福中；如果母愛不存在，生活就失去一切美好──沒有什麼是我可以去努力的，好讓母愛從不存在變為存在。,《愛的藝術（史上最暢銷心理學不朽經典世紀新譯本）》,,"May 1, 2022 12:59 PM","May 1, 2022 12:59 PM",88,imac-fly,0
愛是一種活動，不是一種被動的感情。它是「屹立於」而是不是「墜入」。在最一般的意義上，愛的主動性特徵可以這樣描述：愛主要是給予（giving），而不是領受（receiving）。,《愛的藝術（史上最暢銷心理學不朽經典世紀新譯本）》,,"November 30, 2022 5:05 PM","November 30, 2022 5:05 PM",88,imac-fly,0
兩個人之間的真正衝突──那些不是用作掩飾或投射的衝突，而是在它們所屬的內在真實的深刻層次被體驗到的衝突──並不是破壞性的。這種衝突會通向澄清，讓雙方得到淨化，變得更有了解和力量。,《愛的藝術（史上最暢銷心理學不朽經典世紀新譯本）》,,"May 1, 2022 1:05 PM","May 1, 2022 1:05 PM",89,imac-fly,0
他們把東西拆散或打破以便了解它。他們有時也會把動物肢解，殘忍地扯斷蝴蝶的翅膀，以了解其構造，強迫牠把祕密吐出來。這種殘忍是以一種更深的原因為動機：想要了解事物和生命的祕密的渴望。,《愛的藝術（史上最暢銷心理學不朽經典世紀新譯本）》,,"May 5, 2022 1:11 PM","May 5, 2022 1:11 PM",89,imac-fly,0
無私的表象背後隱藏著不著痕跡但十分強烈的自我中心心態。要治癒這樣一個人，必須讓他明白他的無私也是他的症狀之一，好讓他的缺乏創造性──這是他的無私和他的其他困擾的根源──得以更正。,《愛的藝術（史上最暢銷心理學不朽經典世紀新譯本）》,,"June 4, 2022 9:57 AM","June 4, 2022 9:57 AM",89,imac-fly,0
愛的重點，在於「給予」。給予並非犧牲，而是能力的展現。我願意給予我所有的能力，去豐富你的生命，而又會因為這個「給予」得到一些反饋，這些反饋又豐富了我。於是，愛就在這中間滋生茁壯。,《愛的藝術（史上最暢銷心理學不朽經典世紀新譯本）》,,"June 11, 2022 9:41 AM","June 11, 2022 9:41 AM",89,imac-fly,0
愛的能力要求一種強烈的、清醒的、活力加倍的狀態，而這種狀態唯有在其他許多生活領域採取創造性和積極性取向方能獲得。如果一個人在其他領域不具有創造性，那他在愛的領域也不會具有創造性。,《愛的藝術（史上最暢銷心理學不朽經典世紀新譯本）》,,"October 29, 2022 1:14 PM","October 29, 2022 1:14 PM",89,imac-fly,0
有多少丈夫會認為妻子專橫霸道，是因為他們對母親的依戀，讓他們把任何要求都解釋為對他們自由的約束？又有多少妻子會以為丈夫沒有情趣或愚蠢，是因為丈夫不能符合她們幼時打造的白馬王子幻想？,《愛的藝術（史上最暢銷心理學不朽經典世紀新譯本）》,,"June 13, 2022 8:03 AM","June 13, 2022 8:03 AM",90,imac-fly,0
一整天保持思想活躍，用眼睛和耳朵保持感覺活躍，避免內在的懶惰──不管是表現為接受（receptive）、囤積（boarding）或僅是平白浪費時光──乃是實踐愛的藝術不可或缺的條件,《愛的藝術（史上最暢銷心理學不朽經典世紀新譯本）》,,"June 26, 2022 1:18 PM","June 26, 2022 1:18 PM",90,imac-fly,0
我們自己整個人要成為實踐這項藝術的工具，而且要讓這工具中和實踐該藝術有關的特定方面，保持在最佳狀態。對愛的藝術來說，任何想要成為行家的人，在生命的每個階段都必須實踐紀律、專注和耐心。,《愛的藝術（史上最暢銷心理學不朽經典世紀新譯本）》,,"October 29, 2022 1:14 PM","October 29, 2022 1:14 PM",91,imac-fly,0
這麼強烈的理想化（idealization）讓佛洛姆產生一種巨大的自尊自重和強烈的自我意識。佛洛姆在三十和四十歲時表現的自尊自重（有人會說是傲慢），很大部分可歸咎於她母親的自戀式母愛。,《愛的藝術（史上最暢銷心理學不朽經典世紀新譯本）》,,"July 8, 2022 11:51 AM","July 8, 2022 11:51 AM",92,imac-fly,0
大多數人甚至察覺不到他們有從眾的需要。他們生活在一種錯覺中，以為他們是順著自己的想法和嗜好行事，以為他們是個體，以為他們的見解是自己思考的結果──只是這些見解正好和大多數人的見解相同。,《愛的藝術（史上最暢銷心理學不朽經典世紀新譯本）》,,"November 30, 2022 5:01 PM","November 30, 2022 5:01 PM",92,imac-fly,0
嬰兒時期所遵循的原則是：「因為我被愛，所以我愛。」成熟的愛所遵循的原則是：「因為我愛，所以我被愛。」不成熟的愛說：「因為我需要你，所以我愛你。」成熟的愛說：「因為我愛你，所以我需要你。」,《愛的藝術（史上最暢銷心理學不朽經典世紀新譯本）》,,"May 1, 2022 12:58 PM","May 1, 2022 12:58 PM",93,imac-fly,0
"施就是受的情形不僅見於愛的領域。老師一樣可能被學生教導，演員一樣可能被觀眾啟迪，精神分析師一樣可能被病人治療──需要的只是他們不把對方看作物品，而是以真誠和創造性的態度互相對待。

","《愛的藝術（史上最暢銷心理學不朽經典世紀新譯本）》
",教學相長,"December 28, 2022 7:25 PM","January 10, 2023 12:46 AM",93,imac-fly,12
"把這種活動的概念說得最清楚的人是史賓諾莎（Baruch de Spinoza），他把主動情感和被動情感加以區分，稱前者為「行動」（action），稱後者為「激情」（passion）。","《愛的藝術（史上最暢銷心理學不朽經典世紀新譯本）》",,"February 23, 2023 8:17 PM","February 23, 2023 8:17 PM",93,imac-fly,0
要達到愛，主要條件是克服對一己的自戀。在自戀這種人格取向中，我們只認為存在於一己之內的事物是真實的，不認為外在世界的一切現象就其本身來說具有真實性，只按照它們對我們是有用或有害來體驗它們。,《愛的藝術（史上最暢銷心理學不朽經典世紀新譯本）》,,"May 31, 2022 7:21 PM","May 31, 2022 7:21 PM",94,imac-fly,0
問題的根源不是缺乏正確技巧的知識，而在於心理上的抑制讓當事人無法去愛。害怕或憎恨異性是這些困難的根源，它們讓人不能把自己完全給出去，不能自然而然地行為，不能在進行直接肉體接觸時信賴性伴侶。,《愛的藝術（史上最暢銷心理學不朽經典世紀新譯本）》,,"July 1, 2022 7:24 PM","April 14, 2023 9:04 AM",94,imac-fly,286
人格成熟的人即是能夠創造性地發展自己能力的人，他們只想要自己為之努力的成果，放棄了全知和全能的自戀式迷夢，以及已經獲得的謙卑態度（這種謙卑是以只有真誠的創造性行為才能產生的內在力量為基礎）。,《愛的藝術（史上最暢銷心理學不朽經典世紀新譯本）》,,"May 31, 2022 7:05 PM","May 31, 2022 7:05 PM",95,imac-fly,0
這種女人往往寧願他們的丈夫大吵大鬧，而不是保持一種較為正常和理智的行為，因為這至少可以讓她們把緊張和恐懼的重擔卸去。常見的是，有時她們會不自覺地故意惹火丈夫，以求讓折磨人的情緒中性狀態結束。,《愛的藝術（史上最暢銷心理學不朽經典世紀新譯本）》,,"June 4, 2022 10:26 AM","June 4, 2022 10:26 AM",95,imac-fly,0
"「共生合一」的被動形式是屈從，用醫學術語來說就是受虐狂（masochism）。受虐狂者賴以逃離無法忍受的孤立感和分離感的方法，是讓自己成為另一個人的一部分，讓對方指揮他，引導他，保護他。","《愛的藝術（史上最暢銷心理學不朽經典世紀新譯本）》",,"February 23, 2023 8:15 PM","February 23, 2023 8:15 PM",95,imac-fly,0
雖然我們在意識層面害怕的是不被人愛，但我們真正的恐懼（通常是無意識的）是去愛。去愛意謂得不到擔保地委身，是把自己完全給出去，希望我們的愛會在被愛者身上喚起愛。愛是一種信仰行為，信心少的人愛也少,《愛的藝術（史上最暢銷心理學不朽經典世紀新譯本）》,,"October 29, 2022 1:13 PM","October 29, 2022 1:13 PM",96,imac-fly,0
父親不代表自然世界，卻代表著人類生存的兩極中的另一極。他代表著思想的世界、人造事物的世界、法律和秩序的世界、紀律的世界，以及旅遊和冒險的世界。父親是負責教導小孩的人，他向小孩指出通往世界的道路。,《愛的藝術（史上最暢銷心理學不朽經典世紀新譯本）》,,"May 1, 2022 12:58 PM","May 1, 2022 12:58 PM",97,imac-fly,0
有些人是被深刻的孤單感所驅使而不停工作，另一些人則是被野心和貪心所驅使而不停工作。在這兩個情況中，當事人都是某種情緒的奴隸，他的活動事實上是一種「被動」，因為他是被驅使的，是蒙受者而不是原動者。,《愛的藝術（史上最暢銷心理學不朽經典世紀新譯本）》,,"May 14, 2022 12:39 PM","May 14, 2022 12:39 PM",97,imac-fly,0
獨裁政權用威脅和恐怖手段達成一致化，民主國家則是透過暗示和宣傳手段達至。當然，這兩種政體之間有一處極大的不同。在民主國家，不從眾是可能的，但在極權制度，只有少數非凡的英雄和烈士勇敢得足以拒絕順從。,《愛的藝術（史上最暢銷心理學不朽經典世紀新譯本）》,,"December 10, 2022 12:18 PM","December 10, 2022 12:18 PM",98,imac-fly,0
"由於母親愛子女是因為他們是她的子女，不是因為他們聽話或符合她的願望，因此母愛是建立在平等的基礎上。所有人都是平等，因為他們全是一個母親所生，全是「大地之母」（Mother Earth）的子女。","《愛的藝術（史上最暢銷心理學不朽經典世紀新譯本）》",,"February 23, 2023 8:24 PM","February 23, 2023 8:24 PM",98,imac-fly,0
在愛之中，我的求知慾望會因為合一而得到止息。在融合中，我了解了你，我了解了自己，我了解了每個人，但又一無所「知」。我是以了解活生生的事物的唯一可能方式去了解，即透過合一的體驗去了解，而不是透過思想。,《愛的藝術（史上最暢銷心理學不朽經典世紀新譯本）》,,"June 28, 2022 11:38 PM","June 28, 2022 11:38 PM",99,imac-fly,0
他的主要目標是把他的技能、他的知識和他自己（他那整套「美好的特徵」），與他人進行公道和有利可圖的交換。除了向前走以外，他沒有目標；除了公道交易之外，他沒有原則；除了消費以外，他沒有其他獲得滿足的方式。,《愛的藝術（史上最暢銷心理學不朽經典世紀新譯本）》,,"June 4, 2022 10:29 AM","June 4, 2022 10:29 AM",100,imac-fly,0
真誠的愛是創造性的一種表達，隱含著照顧、尊重、責任和了解。那不是一種受別人的影響（affected）的意義下的「感情」（affect），而是一種對所愛的人的成長與幸福的主動追求，根植於一個人的愛的能力。,《愛的藝術（史上最暢銷心理學不朽經典世紀新譯本）》,,"May 1, 2022 1:03 PM","May 1, 2022 1:03 PM",101,imac-fly,0
真誠的愛是創造性的一種表達，隱含著照顧、尊重、責任和了解。那不是一種受別人的影響（affected）的意義下的「感情」（affect），而是一種對所愛的人的成長與幸福的主動追求，根植於一個人的愛的能力。,《愛的藝術（史上最暢銷心理學不朽經典世紀新譯本）》,,"June 14, 2022 7:46 AM","June 14, 2022 7:46 AM",101,imac-fly,0
除了這類練習以外，一個人也必須學習在每件他所做的事情上保持專注，不管那是聽音樂、讀一本書、和別人談話，或看一片風景。必須把當下在做的事視為唯一重要的事，全副投入。如果我們能夠專注，那做的是什麼都沒有分別。,《愛的藝術（史上最暢銷心理學不朽經典世紀新譯本）》,,"May 8, 2022 4:48 PM","May 8, 2022 4:48 PM",102,imac-fly,0
信仰和勇氣的實踐是從日常生活的小事開始。第一步是去注意我們在什麼時候和什麼地方會失去信心，要看穿我們用來合理化這種失去信心的情形的藉口，要認識我們在什麼場合行為懦弱，及再次要看穿我們用來合理化這種懦弱的藉口,《愛的藝術（史上最暢銷心理學不朽經典世紀新譯本）》,,"June 26, 2022 1:17 PM","June 26, 2022 1:17 PM",103,imac-fly,0
原先，在一個宗教的脈絡裡，平等是指所有人都是上帝的子女，所有人都分享著相同的人性和神性，因此所有人是一體。它同時表示個體間的差異必須被尊重，表示雖然所有人是一體，但每個人仍然是獨一無二的個體，自成一個小宇宙,《愛的藝術（史上最暢銷心理學不朽經典世紀新譯本）》,,"December 10, 2022 12:07 PM","December 10, 2022 12:07 PM",103,imac-fly,0
信仰和勇氣的實踐是從日常生活的小事開始。第一步是去注意我們在什麼時候和什麼地方會失去信心，要看穿我們用來合理化這種失去信心的情形的藉口，要認識我們在什麼場合行為懦弱，及再次要看穿我們用來合理化這種懦弱的藉口。,《愛的藝術（史上最暢銷心理學不朽經典世紀新譯本）》,,"May 31, 2022 7:23 PM","May 31, 2022 7:23 PM",104,imac-fly,0
信仰和勇氣的實踐是從日常生活的小事開始。第一步是去注意我們在什麼時候和什麼地方會失去信心，要看穿我們用來合理化這種失去信心的情形的藉口，要認識我們在什麼場合行為懦弱，及再次要看穿我們用來合理化這種懦弱的藉口。,《愛的藝術（史上最暢銷心理學不朽經典世紀新譯本）》,,"June 30, 2022 9:06 AM","June 30, 2022 9:06 AM",104,imac-fly,0
信仰和勇氣的實踐是從日常生活的小事開始。第一步是去注意我們在什麼時候和什麼地方會失去信心，要看穿我們用來合理化這種失去信心的情形的藉口，要認識我們在什麼場合行為懦弱，及再次要看穿我們用來合理化這種懦弱的藉口。,《愛的藝術（史上最暢銷心理學不朽經典世紀新譯本）》,,"October 29, 2022 1:12 PM","October 29, 2022 1:12 PM",104,imac-fly,0
"勞動者和他所勞動的對象會二合為一，讓人在創作的過程中與外在世界統一起來。然而，這種情況只發生於創造性工作（productive work）中，只發生於那種由我來計畫、由我來生產，由我來看到工作結果的工作中。","《愛的藝術（史上最暢銷心理學不朽經典世紀新譯本）》",,"February 23, 2023 8:13 PM","February 23, 2023 8:13 PM",105,imac-fly,0
教育是幫助孩子實現他們的潛能。6教育的反面是擺布，它是出於對潛能的成長缺乏信心，認為應該由成年人把「可取」的想法灌入孩子心中，把「不可取」的想法壓抑掉，孩子才會變好。我們對機器人不必具有信心，因為機器人沒有生命。,《愛的藝術（史上最暢銷心理學不朽經典世紀新譯本）》,,"June 9, 2022 12:34 PM","June 9, 2022 12:34 PM",106,imac-fly,0
愛，不只是愛別人，也是愛著自己。將自己當成一個人類，對自己照顧、負責任、尊重與了解。我們在這些愛中滿足，才不會找尋可以利用的人，用他來滿足自我的匱乏與需求。當愛變成了依賴、剝奪與利用，那麼，壓力與痛苦也隨之而來。,《愛的藝術（史上最暢銷心理學不朽經典世紀新譯本）》,,"June 11, 2022 9:42 AM","June 11, 2022 9:42 AM",106,imac-fly,0
愛，不只是愛別人，也是愛著自己。將自己當成一個人類，對自己照顧、負責任、尊重與了解。我們在這些愛中滿足，才不會找尋可以利用的人，用他來滿足自我的匱乏與需求。當愛變成了依賴、剝奪與利用，那麼，壓力與痛苦也隨之而來。,《愛的藝術（史上最暢銷心理學不朽經典世紀新譯本）》,,"June 17, 2022 5:11 PM","June 17, 2022 5:11 PM",106,imac-fly,0
愛可以激發性結合的期望，在這種情況中，肉體的關係不帶有貪婪，不帶有征服或被征服的慾望，而是在柔情中互相融合。但如果肉體結合不是由愛激發，如果男女愛不同時也是兄弟愛，那其所導致的合一永遠是狂歡迷亂，永遠是轉瞬即逝。,《愛的藝術（史上最暢銷心理學不朽經典世紀新譯本）》,,"September 11, 2022 6:16 PM","September 11, 2022 6:16 PM",106,imac-fly,0
教授弔詭邏輯的老師們主張，人只能夠在矛盾中認知真實，永遠無法在思想中認知終極的真實統一體的本身。這種主張不鼓勵人以在思想中尋找答案作為終極目標。思想只能帶來沒有給予我們終極答案的知識。思想的世界永遠擺脫不了弔詭。,《愛的藝術（史上最暢銷心理學不朽經典世紀新譯本）》,,"November 30, 2022 5:22 PM","November 30, 2022 5:22 PM",106,imac-fly,0
"就在此時，一片深沉的靜默包圍著我們，我們之間的空白似乎牽引著我們兩人，與某種更崇高的事物連結——而三十多年後的現在，我才明白，那是一種全觀的視野，在語言派不上什麼用場的那些時刻裡，能夠發揮一股深切的安撫力量。","《愛的原形》",,"March 14, 2023 8:41 PM","March 14, 2023 8:41 PM",106,imac-fly,0
但是對有創造性人格的人來說，給予有著截然不同的意義。給予是能力的最高表現。在給予的行為中，我體驗到我的強壯、我的豐饒和我的能力。生命力和能力的這種豐盈高漲讓我滿心快樂。我體驗到自己在滿溢、支用、生氣勃勃，因之欣喜萬分,《愛的藝術（史上最暢銷心理學不朽經典世紀新譯本）》,,"June 11, 2022 9:34 AM","June 11, 2022 9:34 AM",108,imac-fly,0
用佛洛伊德的術語來說，這種狀態是一種自戀。外在現實（人與物）的唯一意義繫於它們會不會滿足或挫折身體的內在狀態。只有內在的東西是真實的，外在事物只會在與我的需要有關時才算真實，其真實性從來不是基於它們自身的性質或需要。,《愛的藝術（史上最暢銷心理學不朽經典世紀新譯本）》,,"October 29, 2022 1:48 PM","October 29, 2022 1:48 PM",108,imac-fly,0
"男女平等，我們不得不以懷疑的眼光看待。毋庸說，我並不反對男女平等，但這種平等傾向的積極意義必須不是騙人的。它已經成為取消差異傾向的一部分。男女平等是以這種代價換來的：女性與男性平等，是因為她們與男性已經沒有不同。","《愛的藝術（史上最暢銷心理學不朽經典世紀新譯本）》",,"February 23, 2023 8:13 PM","February 23, 2023 8:13 PM",108,imac-fly,0
"「共生合一」的主動形式是支配，用對應於受虐狂的心理學術語來說便是施虐狂（sadism）。施虐狂者想要透過讓別人成為自己的一部分，逃離自己的孤單感和被囚禁感。他用吞噬其他人──他的崇拜者──的方式來膨脹和擴大自己。","《愛的藝術（史上最暢銷心理學不朽經典世紀新譯本）》",,"February 23, 2023 8:15 PM","February 23, 2023 8:15 PM",108,imac-fly,0
只有當兩個人從他們生命的中心互相溝通，換言之只有當兩個人各從自己生命的中心體驗到自己，愛才可能產生。人類實相只存在於這種「中心體驗」中，只有這裡有活潑的生命，只有這裡是愛的基礎。以這種方式體驗愛，愛乃是一項不斷的挑戰。,《愛的藝術（史上最暢銷心理學不朽經典世紀新譯本）》,,"May 1, 2022 1:05 PM","April 9, 2023 8:30 AM",109,imac-fly,342
指望從上帝得到什麼。他不會像孩子愛父親或母親那樣愛上帝。他會學會謙卑，明白自己的侷限性，明白自己對上帝一無所知。對他來說，上帝是一個象徵，象徵著人類在演化早期所努力爭取的一切，象徵著精神世界的領域，象徵著愛、真理和正義。,《愛的藝術（史上最暢銷心理學不朽經典世紀新譯本）》,,"July 6, 2022 8:53 AM","July 6, 2022 8:53 AM",110,imac-fly,0
"愛可以激發性結合的期望，在這種情況中，肉體的關係不帶有貪婪，不帶有征服或被征服的慾望，而是在柔情中互相融合。但如果肉體結合不是由愛激發，如果男女愛不同時也是兄弟愛，那其所導致的合一永遠是狂歡迷亂，永遠是轉瞬即逝。

","《愛的藝術（史上最暢銷心理學不朽經典世紀新譯本）》
",,"December 28, 2022 10:50 PM","December 28, 2022 10:50 PM",110,imac-fly,0
她們的不自私的影響力卻完全不符合她們的預期。她們的小孩沒有表現出那些深信自己被愛的人會有的快樂：他們焦慮，緊張，害怕母親不滿意，急於達到母親的種種期望。通常他們會受到他們母親對生命隱藏的敵意的影響，然後自己也感染上這種敵意。,《愛的藝術（史上最暢銷心理學不朽經典世紀新譯本）》,,"June 4, 2022 9:58 AM","June 4, 2022 9:58 AM",112,imac-fly,0
只有明白了克服分離的需要極其深切，我們才能明白人們何以如此懼怕與眾不同和偏離群體。有時這種對不從眾的恐懼，會被合理化為對實際危險的恐懼，但事實上，人們自己想要從眾的程度遠高於他們被迫從眾的程度──至少西方民主社會的情況是如此。,《愛的藝術（史上最暢銷心理學不朽經典世紀新譯本）》,,"June 17, 2022 5:06 PM","June 17, 2022 5:06 PM",113,imac-fly,0
融合成為我的直覺，我才算精於醫術，因為直覺是精通任何藝術的標誌。除了學習理論和實踐外，還有第三個因素是精通任何藝術所必需，那就是把精通一門藝術看成終極關懷（ultimateconcern），認定世界上沒有事情比精通該項藝術更重要。,《愛的藝術（史上最暢銷心理學不朽經典世紀新譯本）》,,"June 14, 2022 7:52 AM","June 14, 2022 7:52 AM",115,imac-fly,0
個人如果要具有這種愛的能力，先決條件是他已達到由「創造性取向」主導的人格。在這種取向中，當事人已經克服了依賴性，克服了自戀性的全能心態，克服了剝奪他人或囤積的慾望，對自己的天賦類能力產生了信仰，有勇氣仰仗自己的能力達到自己的目標。,《愛的藝術（史上最暢銷心理學不朽經典世紀新譯本）》,,"December 15, 2022 12:58 PM","December 15, 2022 12:58 PM",115,imac-fly,0
atom）。這些「原子人」彼此一模一樣，集合在一起時可以毫無摩擦地運作。他們服從一模一樣的命令，但是每個人又相信自己是依照自己的意願行事。就像現代的大量生產過程要求商品的標準化，社會過程也要求人的標準化，而這種標準化被稱為「平等」。,《愛的藝術（史上最暢銷心理學不朽經典世紀新譯本）》,,"December 10, 2022 12:07 PM","December 10, 2022 12:07 PM",116,imac-fly,0
除非他們設法以最積極的方式發展自己的整體人格，因而達到一種創造性取向（productiveorientation）1，否則他們任何去愛的企圖都註定失敗。另外，如果沒有愛鄰人的能力，不具備真正的謙卑、勇氣、信仰和紀律，就不可能得到愛的滿足。,《愛的藝術（史上最暢銷心理學不朽經典世紀新譯本）》,,"June 28, 2022 11:40 PM","June 28, 2022 11:40 PM",119,imac-fly,0
把這意思說得最清楚的人是康德），不可把任何人當做達成別人目的的手段。因為所有人都是目的而不是別人的手段，所有人都是平等的。追隨啟蒙運動的觀念，不同流派的社會主義思想家把平等界定為廢除剝削，廢除人對人的利用（不管這種利用是殘忍還是人道的）。,《愛的藝術（史上最暢銷心理學不朽經典世紀新譯本）》,,"December 10, 2022 12:07 PM","December 10, 2022 12:07 PM",119,imac-fly,0
事實上，他們的愛只是二人份的自我中心主義。他們是互相認同的兩個人，他們解決分離性難題的方法是把單一個人擴大為兩個個人。他們獲得了克服孤單的體驗，然而由於他們與其他人類相分離，他們仍然處於彼此分離的狀態，也與自己疏離。他們的合一體驗是一種錯覺,《愛的藝術（史上最暢銷心理學不朽經典世紀新譯本）》,,"June 13, 2022 8:33 AM","June 13, 2022 8:33 AM",120,imac-fly,0
如果一個人靜靜坐著，除了體驗自己的生命和自己與世界的合一之外，沒有任何其他目的和意圖，則人們往往認為他是消極被動的，因為他沒有「做」任何事。事實上，這種專注的冥想態度是最高的活動，是一種靈魂的活動，只有在擁有內在自由和獨立的條件下方能產生。,《愛的藝術（史上最暢銷心理學不朽經典世紀新譯本）》,,"June 20, 2022 9:48 PM","June 20, 2022 9:48 PM",120,imac-fly,0
今天，責任的意義往往是指任務，是指從外面加給一個人的負擔，但在其真正的意義上，負責任是一種完全自願的行為。它意指我們對另一個人已表現和未表現出來的需要之回應。「負責任」（responsible）意味著能夠和準備好「回應」（respond）。,《愛的藝術（史上最暢銷心理學不朽經典世紀新譯本）》,,"November 30, 2022 5:17 PM","November 30, 2022 5:17 PM",120,imac-fly,0
如果你愛自己，你就會像對自己那樣愛每個其他人。只要你愛其他人少於愛你自己，你就不能真正成功地愛自己。但如果你能夠愛包括你自己在內的所有人，你就會愛他們如愛單一個人，而那個人同時是上帝和人。因此，愛自己又能同等愛一切他人的人，是偉大而正直的人。,《愛的藝術（史上最暢銷心理學不朽經典世紀新譯本）》,,"May 17, 2022 7:19 AM","May 17, 2022 7:19 AM",121,imac-fly,0
在這種取向中，當事人已經克服了依賴性，克服了自戀性的全能心態，克服了剝奪他人或囤積的慾望，對自己的天賦類能力產生了信仰，有勇氣仰仗自己的能力達到自己的目標。他以何種程度缺乏這些素質，他就以何種程度害怕把自己給予出去，因此也就以何種程度害怕去愛。,《愛的藝術（史上最暢銷心理學不朽經典世紀新譯本）》,,"May 14, 2022 12:37 PM","May 14, 2022 12:37 PM",122,imac-fly,0
"由創造性工作達成的合一不是人際（interpersonal）的合一；由狂歡式融合達成的合一是轉瞬即逝；由從眾達成的合一只是假合一──因此，這些方式對於人類的生命難題只提供了片面的解答。完滿的答案寄託在人際合一的達成，寄託在與他人在愛中的融合。","《愛的藝術（史上最暢銷心理學不朽經典世紀新譯本）》",,"February 23, 2023 8:14 PM","February 23, 2023 8:14 PM",123,imac-fly,0
另一條了解「祕密」的途徑是愛。愛是積極主動地穿透他人。在愛之中，我的求知慾望會因為合一而得到止息。在融合中，我了解了你，我了解了自己，我了解了每個人，但又一無所「知」。我是以了解活生生的事物的唯一可能方式去了解，即透過合一的體驗去了解，而不是透過思想,《愛的藝術（史上最暢銷心理學不朽經典世紀新譯本）》,,"May 8, 2022 4:53 PM","May 8, 2022 4:53 PM",125,imac-fly,0
在男女愛中，兩個獨立的人會成為一體，在母愛中，兩個本來一體的人會成為各自獨立的個體。母親不僅必須容忍小孩獨立，還必須盼望和支持他這樣做。正是在這個階段，母愛變成了極為艱鉅的任務，因為它要求無私的能力，要求一種給出一切而不求回報，但求被愛者幸福快樂的能力,《愛的藝術（史上最暢銷心理學不朽經典世紀新譯本）》,,"June 13, 2022 8:24 AM","June 13, 2022 8:24 AM",126,imac-fly,0
你與人及自然的每一種關係必須是你真正個人生活的一種特定的、符合你的意志對象的表現。如果你在愛別人，但卻沒有喚起他人的愛，也就是你的愛作為一種愛情不能使對方產生愛情；如果作為一個正在愛的人你不能把自己變成一個被人愛的人，那麼你的愛情是軟弱無力的，是一種不幸。,《愛的藝術（史上最暢銷心理學不朽經典世紀新譯本）》,,"May 5, 2022 1:13 PM","May 5, 2022 1:13 PM",128,imac-fly,0
"奶是母愛的第一層次的象徵，象徵照顧和肯定。蜂蜜則象徵生命的甜美，象徵對生命的愛和活著的快樂。大部分母親都能夠給予「奶」，但只有少數母親能夠也給予「蜜」。要能夠給予「蜜」，一個母親必須不能只是好母親，還要是一個快樂的人──這個目標並沒有太多人能達成。

","《愛的藝術（史上最暢銷心理學不朽經典世紀新譯本）》
",,"December 28, 2022 10:49 PM","December 28, 2022 10:49 PM",128,imac-fly,0
母親應該對生命有信心，因此不會過分焦慮，也因此不會用自己的焦慮感染孩子。她應該希望孩子變得獨立，最後與她分離。父親的愛應該以原則和期望為引導，應該耐性和寬容，不是充滿威脅和專制獨裁。它應該讓小孩在成長過程中對自己的能力越來越有信心，最終允許他成為自己的權威。,《愛的藝術（史上最暢銷心理學不朽經典世紀新譯本）》,,"May 1, 2022 12:59 PM","April 5, 2023 9:25 AM",129,imac-fly,338
「我們察看它但看不到，就稱它為『不可見者』；我們傾聽它但聽不到，就稱它為『不可聞者』；我們想抓住它但抓不住，就稱它為『微妙者』。這三種性質是不可描繪的。因此我們把它們混合在一起，就得到了『一』。」35還有一種說法是：「懂得道的人不去說它，說它的人不懂得它。」,《愛的藝術（史上最暢銷心理學不朽經典世紀新譯本）》,,"November 30, 2022 5:21 PM","November 30, 2022 5:21 PM",129,imac-fly,0
專注意味著完全活在當下，意味著當我正在做某件事的時候，不去想下一件要做的事。無庸說，最需要實踐專注的人必然是相愛的人。他們必須學會互相親近，而不以通常慣見的各種方式溜之大吉。實踐專注在剛開始是困難的，會讓人覺得永遠無法達到目的。這意味著實踐專注必須具有耐性。,《愛的藝術（史上最暢銷心理學不朽經典世紀新譯本）》,,"December 15, 2022 12:57 PM","December 15, 2022 12:57 PM",129,imac-fly,0
一門藝術的實踐要求紀律。如果我不按照一定的紀律行事，就做不好任何事情。如果我只有「興之所至」才會去從事，則一門藝術充其量只會成為讓我愉快的嗜好，我永遠不會成為行家裡手。但重點不僅在某種特定藝術的實踐上保持紀律（例如每天固定進行若干小時），而是整個一生保持紀律。,《愛的藝術（史上最暢銷心理學不朽經典世紀新譯本）》,,"May 10, 2022 12:14 PM","May 10, 2022 12:14 PM",130,imac-fly,0
"另一條了解「祕密」的途徑是愛。愛是積極主動地穿透他人。在愛之中，我的求知慾望會因為合一而得到止息。在融合中，我了解了你，我了解了自己，我了解了每個人，但又一無所「知」。我是以了解活生生的事物的唯一可能方式去了解，即透過合一的體驗去了解，而不是透過思想。

","《愛的藝術（史上最暢銷心理學不朽經典世紀新譯本）》
",,"December 28, 2022 7:25 PM","December 28, 2022 7:25 PM",130,imac-fly,0
"原則上，愛就「對象」與一己的連結而言是不可分割的。真誠的愛是創造性的一種表達，隱含著照顧、尊重、責任和了解。那不是一種受別人的影響（affected）的意義下的「感情」（affect），而是一種對所愛的人的成長與幸福的主動追求，根植於一個人的愛的能力。

","《愛的藝術（史上最暢銷心理學不朽經典世紀新譯本）》
",,"December 28, 2022 10:52 PM","December 28, 2022 10:52 PM",130,imac-fly,0
把自己最珍貴的東西給予出去，把生命給予出去。這不必然表示他為別人犧牲性命，而是表示他把他生命裡活生生的事物給予出去：把他的喜悅、他的興趣、他的了解、他的知識、他的幽默和他的憂愁給予出去。在這樣的生命之給予中，他豐富了他人，以增強自己生命感的方式擴大了他人的生命感,《愛的藝術（史上最暢銷心理學不朽經典世紀新譯本）》,,"December 10, 2022 12:19 PM","December 10, 2022 12:19 PM",131,imac-fly,0
一個人想要精通任何藝術，必須把整個生命奉獻給它，至少是讓整個生命都與它關聯在一起。我們自己整個人要成為實踐這項藝術的工具，而且要讓這工具中和實踐該藝術有關的特定方面，保持在最佳狀態。對愛的藝術來說，任何想要成為行家的人，在生命的每個階段都必須實踐紀律、專注和耐心。,《愛的藝術（史上最暢銷心理學不朽經典世紀新譯本）》,,"May 11, 2022 1:29 PM","May 11, 2022 1:29 PM",132,imac-fly,0
這些動機雖然常見，但和另一種動機相比，極有可能不那麼重要和不那麼普遍。該動機就是對超越（transcendence）的需要。對超越的需要是人最基本的需要之一，根植於人有自我意識的事實，根植於他們不滿足於作為由造物者創造出來的角色，不能接受自己只是從杯子裡擲出的骰子,《愛的藝術（史上最暢銷心理學不朽經典世紀新譯本）》,,"June 13, 2022 8:22 AM","June 13, 2022 8:22 AM",132,imac-fly,0
照顧、責任、尊重和了解是互相倚賴的。它們是人格成熟的人身上同時出現的態度。人格成熟的人即是能夠創造性地發展自己能力的人，他們只想要自己為之努力的成果，放棄了全知和全能的自戀式迷夢，以及已經獲得的謙卑態度（這種謙卑是以只有真誠的創造性行為才能產生的內在力量為基礎）。,《愛的藝術（史上最暢銷心理學不朽經典世紀新譯本）》,,"November 30, 2022 5:21 PM","November 30, 2022 5:21 PM",132,imac-fly,0
在人類的歷史上我們也看到（和預期到）同樣的發展：在一開始，人類對神的愛是一個無助小孩對母親女神的依戀，然後他順從地依戀著像父親一樣的神，然後他達到成熟階段，不再把神看成外在力量，而是把愛和正義的原則整合到自己身上，變為與神同一。最終，他只是以詩意和象徵的方式談論神。,《愛的藝術（史上最暢銷心理學不朽經典世紀新譯本）》,,"November 30, 2022 5:24 PM","November 30, 2022 5:24 PM",133,imac-fly,0
"在當代的資本主義社會，平等的意義已經變質。人們所謂的平等乃是機器人之間的平等，是失去個體性的人之間的平等。平等在今日意謂「一模一樣」而非「一體」。這種一模一樣是把個體性抽離之後的剩餘物，指人們從事相同的工作，進行相同的娛樂，讀同樣的報紙，有著同樣的思想感情。

","《愛的藝術（史上最暢銷心理學不朽經典世紀新譯本）》
",,"December 28, 2022 6:53 PM","December 28, 2022 6:53 PM",133,imac-fly,0
給予的最主要領域不是物質領域而是人的領域。一個人能給予另一個人什麼？他把自己給予出去，把自己最珍貴的東西給予出去，把生命給予出去。這不必然表示他為別人犧牲性命，而是表示他把他生命裡活生生的事物給予出去：把他的喜悅、他的興趣、他的了解、他的知識、他的幽默和他的憂愁給予出去,《愛的藝術（史上最暢銷心理學不朽經典世紀新譯本）》,,"June 11, 2022 9:35 AM","June 11, 2022 9:35 AM",135,imac-fly,0
而享受樂趣意謂囫圇吞棗地嚥下大量商品、景色、食物、飲料、香菸、演講、書籍和電影。世界是我們慾望的巨大對象，是大蘋果、大酒瓶和大乳房。我們是吮吸者，永遠充滿期待又永遠失望。我們的人格被設定成隨時準備好去交換和去消費，每一樣事物（不論是精神的還是物質的）都變成了交換和消費的對象。,《愛的藝術（史上最暢銷心理學不朽經典世紀新譯本）》,,"May 31, 2022 7:14 PM","May 31, 2022 7:14 PM",138,imac-fly,0
"在物質的領域內，給予意味著富有。真正可被視為富有的不是那擁有許多的人，而是那給予很多的人。一個囤積者不論有多少財產，如果他整日為損失金錢擔心害怕，那麼在心理意義上他乃是貧窮的人，匱乏的人。願意把自己所擁有的給予他人的人卻是富有的，他感覺到自己是一個有能力幫助別人的人。

","《愛的藝術（史上最暢銷心理學不朽經典世紀新譯本）》
",,"December 28, 2022 10:58 PM","December 28, 2022 10:58 PM",138,imac-fly,0
　照顧和關懷隱含著愛的另一個層面：責任。今天，責任的意義往往是指任務，是指從外面加給一個人的負擔，但在其真正的意義上，負責任是一種完全自願的行為。它意指我們對另一個人已表現和未表現出來的需要之回應。「負責任」（responsible）意味著能夠和準備好「回應」（respond）,《愛的藝術（史上最暢銷心理學不朽經典世紀新譯本）》,,"May 8, 2022 4:47 PM","May 8, 2022 4:47 PM",139,imac-fly,0
有幾個簡單的練習可幫助我們提高獨處的能力。例如，以放鬆的姿勢坐著，想像眼前是一片白色的螢幕，努力移除一切的景象和念頭，然後把心念放在呼吸上。不去想呼吸，也不要強制它，而是順隨它，感覺自己正在呼吸。然後更進一步，努力產生「我」的意識，感覺這個「我」是我的力量的中心，是我的世界的創造者,《愛的藝術（史上最暢銷心理學不朽經典世紀新譯本）》,,"December 10, 2022 12:17 PM","December 10, 2022 12:17 PM",141,imac-fly,0
有信仰的前提是有勇氣，有去冒險的能力，隨時準備好接受痛苦和失望。任何堅持生活的第一要務是安全穩定的人，不可能有信仰。任何人如果把自己關在一個防禦體系中，以保持距離和占有作為安全措施，都是把自己變成一個囚犯。要能夠愛和被愛需要勇氣：斷定某些價值無比重要的勇氣，把一切押注在這些價值上的勇氣。,《愛的藝術（史上最暢銷心理學不朽經典世紀新譯本）》,,"May 11, 2022 1:28 PM","May 11, 2022 1:28 PM",144,imac-fly,0
男女兩極性的原則同樣存在於每個男人和每個女人之內。正如男人和女人在生理上同時擁有兩性的荷爾蒙，他們在心理上也是兩性共具。他們身上同時運作著接受原理與穿透原理，同時運作著物質原理與精神原理。男人（和女人）只有在自己的女性極和男性極合一時，方能在自己裡面找到合一。這種兩極性是所有創造性的基礎。,《愛的藝術（史上最暢銷心理學不朽經典世紀新譯本）》,,"December 15, 2022 4:19 PM","December 15, 2022 4:19 PM",145,imac-fly,0
啟蒙哲學所主張的Lâmenapasdesexe（靈魂沒有性別），已經成為普遍的實踐。性別上的兩極性正在消失，隨之一同消失的是以這種兩極性為基礎的性愛（eroticlove）。男人與女人變成了一模一樣，不是作為對立的兩極而平等。現代社會鼓吹這種無個體之分的平等，是因為現代社會需要「原子人...,《愛的藝術（史上最暢銷心理學不朽經典世紀新譯本）》,,"May 1, 2022 1:10 PM","May 1, 2022 1:10 PM",146,imac-fly,0
「珍妮，這不是我的錯，得到癌症不是我的錯，對嗎？」			「當然不是你的錯，」我說。語氣的堅決，我自己都嚇了一跳。「生命丟給我們這道課題，我們就要接招。怎麼做，不只影響我們自己的人生，也會影響我們所愛的人的人生，從一代延續到另一代。丹尼爾，如果你不能對自己慈悲，那麼你的女兒會從你那裡有樣學樣。,"《愛的原形》",,"March 14, 2023 8:43 PM","April 12, 2023 7:04 PM",146,imac-fly,28
"我們不可能在沒有真正了解一個人的情況下尊重對方：如果沒有了解的引導，照顧和責任就是盲目的。而了解如果不是以照顧為動機，它就是空洞的。了解有很多個層次，而作為愛的要素之一的了解不會滿足於一知半解，而是總是深入事物的內部。這種了解只有在我超越了自己的關懷，站在對方的處境來了解他的時候才能做到。

","《愛的藝術（史上最暢銷心理學不朽經典世紀新譯本）》
",,"December 28, 2022 7:25 PM","December 28, 2022 7:25 PM",149,imac-fly,0
"與「共生合一」不同，成熟的愛是在保存一己完整的前提下達成的合一，是在保存一己個體性的前提下達成的合一。愛是人身上的主動力量，這種力量會突破人與人之間的藩籬，把人與他人合一起來；愛可以讓人克服孤立感和分離感，但又讓人仍舊可以做自己，保留自己的人格完整性。在愛中，出現了兩個人是一又仍然是二的弔詭。","《愛的藝術（史上最暢銷心理學不朽經典世紀新譯本）》",,"February 23, 2023 8:16 PM","February 23, 2023 8:16 PM",149,imac-fly,0
他認為對立之間的衝突是一切存在的基礎。他說：「人們不了解相反者如何相成。對立的力量可以造成和諧，正如琴弓與琴弦。」27他另一種更清楚的說法是：「我們踩進同一條河流但又不是踩進同一條河流，我們是我們但又不是我們。」28或者：「『同一者』（Oneandthesame）在生者與死者、醒者與睡者、少者...,《愛的藝術（史上最暢銷心理學不朽經典世紀新譯本）》,,"June 2, 2022 11:24 PM","June 2, 2022 11:24 PM",150,imac-fly,0
弔詭邏輯最早出現在赫拉克利特的哲學。他認為對立之間的衝突是一切存在的基礎。他說：「人們不了解相反者如何相成。對立的力量可以造成和諧，正如琴弓與琴弦。」27他另一種更清楚的說法是：「我們踩進同一條河流但又不是踩進同一條河流，我們是我們但又不是我們。」28或者：「『同一者』（Oneandthesa...,《愛的藝術（史上最暢銷心理學不朽經典世紀新譯本）》,,"June 4, 2022 10:00 AM","June 4, 2022 10:00 AM",150,imac-fly,0
　　最終，一個成熟的人會達到這樣的狀態：他同時是自己的母親和父親。他會同時具有──可以這樣說──母性良知（motherlyconscience）和父性良知（fatherlyconscience）。母性良知說：「任何行差踏錯、任何罪行都不能把我的愛從你奪走，不能把我對你的生命和幸福的祝願奪走。」父...,《愛的藝術（史上最暢銷心理學不朽經典世紀新譯本）》,,"May 1, 2022 1:00 PM","May 1, 2022 1:00 PM",151,imac-fly,0
"很多自戀、支配慾強和占有慾強的女性只有在孩子還小的時候能夠當一個有愛的母親。只有真正充滿愛的女人，只有樂在「施」多於「受」的女人，只有在自己生命中牢牢扎根的女人，才能在小孩和自己分離的過程中當一個充滿愛的母親。

　　對逐漸成長的小孩的母愛──一無所求的愛──大概是最難達成的一種愛。由於任何母親...",《愛的藝術（史上最暢銷心理學不朽經典世紀新譯本）》,,"May 1, 2022 1:03 PM","May 1, 2022 1:03 PM",151,imac-fly,0
愛克哈特（MeisterEckhart）以下的一番話：「如果你愛自己，你就會像對自己那樣愛每個其他人。只要你愛其他人少於愛你自己，你就不能真正成功地愛自己。但如果你能夠愛包括你自己在內的所有人，你就會愛他們如愛單一個人，而那個人同時是上帝和人。因此，愛自己又能同等愛一切他人的人，是偉大而正直的人。...,《愛的藝術（史上最暢銷心理學不朽經典世紀新譯本）》,,"June 4, 2022 9:59 AM","June 4, 2022 9:59 AM",152,imac-fly,0
在任何種類的創作活動中，創作者都會把自己和材料（代表著他的外在世界）結合為一。無論是木匠造一張桌子或是金匠打一件首飾，無論是農民種田或是畫家作畫，在每一種創作性的勞動中，勞動者和他所勞動的對象會二合為一，讓人在創作的過程中與外在世界統一起來。然而，這種情況只發生於創造性工作（productivew...,《愛的藝術（史上最暢銷心理學不朽經典世紀新譯本）》,,"December 10, 2022 12:09 PM","December 10, 2022 12:09 PM",152,imac-fly,0
。這些精神官能症的共通特徵是母性原則或父性原則未能建立起來，或者是（這是更嚴重的精神官能症的情形）父親和母親的角色在一個人的外在和內在都混淆了起來。進一步的研究也許會顯示某些類型的精神官能症（例如強迫症）是偏一邊地依戀父親的結果，而另一些精神官能症（如歇斯底里、酗酒、不能合乎現實地應付生活和憂鬱）是...,《愛的藝術（史上最暢銷心理學不朽經典世紀新譯本）》,,"May 1, 2022 1:00 PM","May 1, 2022 1:00 PM",153,imac-fly,0
在兄弟愛中，我體驗到人類一體性。兄弟愛是以「我們是一」的體驗為基礎。與人人共有的核心相比，人與人之間在才能、智力和知識上的差別微不足道。要了解這種人人共有的核心，我們必須深入了解人，不能停留在表面。如果我只看到一個人的表面，那我看到的主要是使我和他分隔的差別。如果我了解到他的本質，就會看到我們的共同...,《愛的藝術（史上最暢銷心理學不朽經典世紀新譯本）》,,"May 1, 2022 1:01 PM","May 1, 2022 1:01 PM",153,imac-fly,0
只有當兩個人從他們生命的中心互相溝通，換言之只有當兩個人各從自己生命的中心體驗到自己，愛才可能產生。人類實相只存在於這種「中心體驗」中，只有這裡有活潑的生命，只有這裡是愛的基礎。以這種方式體驗愛，愛乃是一項不斷的挑戰。它不是一個歇息之地，而是一同行動，一同成長，一同工作。在愛中，兩個人是從他們生命的...,《愛的藝術（史上最暢銷心理學不朽經典世紀新譯本）》,,"May 10, 2022 12:15 PM","May 10, 2022 12:15 PM",153,imac-fly,0
愛是一種活動，如果我在愛，我就會不斷地主動地關心我所愛的人（但還不限於關心他或她）。因為如果我懶惰，如果我不經常處於清醒、警覺和活動狀態，我就無法主動地和我所愛的人產生關聯。睡眠是唯一適合不活動狀態的場合，而當我醒著的時候，應該沒有讓懶惰存在的餘地。今日有極多的人落入一個弔詭處境，那就是他們在醒著時...,《愛的藝術（史上最暢銷心理學不朽經典世紀新譯本）》,,"May 11, 2022 1:28 PM","May 11, 2022 1:28 PM",153,imac-fly,0
有幾個簡單的練習可幫助我們提高獨處的能力。例如，以放鬆的姿勢坐著，想像眼前是一片白色的螢幕，努力移除一切的景象和念頭，然後把心念放在呼吸上。不去想呼吸，也不要強制它，而是順隨它，感覺自己正在呼吸。然後更進一步，努力產生「我」的意識，感覺這個「我」是我的力量的中心，是我的世界的創造者。至少應該每天早上...,《愛的藝術（史上最暢銷心理學不朽經典世紀新譯本）》,,"May 11, 2022 1:29 PM","May 11, 2022 1:29 PM",153,imac-fly,0
馬克思對此有精闢表達：「設想人就是人，設想人與世界的關係是一種充滿人性的關係，那麼你只能用愛去換愛，用信任換取信任。如果你想欣賞藝術，你必須是一個有藝術修養的人；如果你想對他人施加影響，你必須是一個能促進和鼓舞他人的人。你與人及自然的每一種關係必須是你真正個人生活的一種特定的、符合你的意志對象的表現...,《愛的藝術（史上最暢銷心理學不朽經典世紀新譯本）》,,"May 14, 2022 12:38 PM","May 14, 2022 12:38 PM",153,imac-fly,0
老子所說的：「能夠被遵循的道不是經久不變的道，能夠被叫出來的名字不是經久不變的名字。」34換一種說法是：「我們察看它但看不到，就稱它為『不可見者』；我們傾聽它但聽不到，就稱它為『不可聞者』；我們想抓住它但抓不住，就稱它為『微妙者』。這三種性質是不可描繪的。因此我們把它們混合在一起，就得到了『一』。」...,《愛的藝術（史上最暢銷心理學不朽經典世紀新譯本）》,,"June 2, 2022 11:25 PM","June 2, 2022 11:25 PM",153,imac-fly,0
現代資本主義需要能順暢合作的大量人力，需要人們消費越來越多，需要品味標準化以便容易被影響和預期。資本主義社會需要人們覺得自由和獨立，不受制於任何權威、原則或良心，然而又心甘情願地接受命令，做他們被期望去做的事，毫無摩擦地適應社會機器。這些人不用武力就能被指揮，不用領袖就能被領導，不用目的就能被激勵。...,《愛的藝術（史上最暢銷心理學不朽經典世紀新譯本）》,,"June 5, 2022 10:38 AM","June 5, 2022 10:38 AM",153,imac-fly,0
如果缺乏愛的第三個元素尊重，責任感很容易變質為支配慾和占有慾。尊重不是恐懼和敬畏。按照字根（respicere：注視），它是一種認知他人獨特個體性的能力：他人是什麼樣子，我就照他的樣子來認識他。尊重表示我願意讓另一個人按照自己的本性去生長。因此尊重隱含著剝削的不存在。我希望我所愛的人依照自己的方式而...,《愛的藝術（史上最暢銷心理學不朽經典世紀新譯本）》,,"June 23, 2022 11:42 AM","June 23, 2022 11:42 AM",153,imac-fly,0
孤獨、愛與個體化因此是一件事物的三個面向，在人短促的一生裡，對愛的尋求既讓我們與他人及大我連結，又讓我們成為真實無缺的自我。因此愛絕非一份寫完即丟的功課（或結婚後就毋須費心的幼稚情感），而是生命裡連續不斷的挑戰。當我們停止成長的同時，愛便從關係裡消失。它不是對他人的征服，而是深入自我的勇氣。這個過程...,《愛的藝術（史上最暢銷心理學不朽經典世紀新譯本）》,,"June 30, 2022 9:13 AM","June 30, 2022 9:13 AM",153,imac-fly,0
愛作為一種給予的能力，有賴人的人格發展。一個人如果要具有這種愛的能力，先決條件是他已達到由「創造性取向」主導的人格。在這種取向中，當事人已經克服了依賴性，克服了自戀性的全能心態，克服了剝奪他人或囤積的慾望，對自己的天賦類能力產生了信仰，有勇氣仰仗自己的能力達到自己的目標。他以何種程度缺乏這些素質，他...,《愛的藝術（史上最暢銷心理學不朽經典世紀新譯本）》,,"November 30, 2022 5:07 PM","November 30, 2022 5:07 PM",153,imac-fly,0
連他們的情緒也是被規定的：愉快、容忍、可靠、進取，以及和每個人都處得來，不會發生摩擦。他們的娛樂方式即使不那麼強求一律，也都是大同小異。閱讀的書是讀書俱樂部所指定，看的電影是電影院老闆和他們出錢刊登的廣告所定。其他的娛樂方式也是千篇一律：星期日開車兜風、看電視、打牌和參加派對。從生到死，從星期一到星...,《愛的藝術（史上最暢銷心理學不朽經典世紀新譯本）》,,"December 10, 2022 12:08 PM","December 10, 2022 12:08 PM",153,imac-fly,0
譬如說有些人是被深刻的孤單感所驅使而不停工作，另一些人則是被野心和貪心所驅使而不停工作。在這兩個情況中，當事人都是某種情緒的奴隸，他的活動事實上是一種「被動」，因為他是被驅使的，是蒙受者而不是原動者。另一方面，如果一個人靜靜坐著，除了體驗自己的生命和自己與世界的合一之外，沒有任何其他目的和意圖，則人...,《愛的藝術（史上最暢銷心理學不朽經典世紀新譯本）》,,"December 15, 2022 4:40 PM","December 15, 2022 4:40 PM",153,imac-fly,0
"一週一堂課，一共八週。一堂課或許是三個小時，如果妳覺得大家有這個體力的話。我們可以採用安赫斯特寫作會（Amherst Writers）的模式，用提示幫助大家聚焦於一個主題。他們可以用大約30分鐘寫作，願意的人可以朗讀作品，讓其他學員回應。不是要他們評論作品，而是說說這篇作品哪裡感動他們，或是挑戰他們...","《愛的原形》",,"March 14, 2023 8:46 PM","March 14, 2023 8:46 PM",155,imac-fly,0
"何謂信仰？難道信仰必須牽涉上帝或宗教教義嗎？信仰又是否必然與理性思考背道而馳？為了了解信仰的問題，我們必須區分理性的信仰和非理性的信仰。我所謂的非理性信仰（不管是信仰一個人或一個觀念），是指因服從非理性權威而來的信仰。與此相反，理性的信仰是根植於一己的思想或感受的信念。理性的信仰主要不是關於某件特定...

","《愛的藝術（史上最暢銷心理學不朽經典世紀新譯本）》
",,"December 28, 2022 10:58 PM","December 28, 2022 10:58 PM",157,imac-fly,0